{"sources":[{"type":"single","resource":"items:armors/vote/ultragold_helmet"},{"type":"single","resource":"items:tools_weapons/rift/bluefire"},{"type":"single","resource":"items:tools_weapons/bob/pickaxerl"},{"type":"single","resource":"items:tools_weapons/rogue/rogue_staff_e"},{"type":"single","resource":"items:tools_weapons/rift/bluefire_x1"},{"type":"single","resource":"items:tools_weapons/rogue/flame"},{"type":"single","resource":"items:armors/rift/leviathan_boots_icon"},{"type":"single","resource":"items:tools_weapons/angelic/angelic_axe"},{"type":"single","resource":"items:tools_weapons/angelic/angelic_arrow_vfx"},{"type":"single","resource":"items:tools_weapons/angelic/angelic_vfx_1"},{"type":"single","resource":"items:tools_weapons/bob/axerl"},{"type":"single","resource":"items:tools_weapons/inferno/animations/animations_2"},{"type":"single","resource":"items:armors/vote/ultragold_leggings"},{"type":"single","resource":"items:tools_weapons/angelic/angelic_pickaxe"},{"type":"single","resource":"items:armors/angelic/angelic_leggings"},{"type":"single","resource":"items:tools_weapons/bob/crossbowrl_0"},{"type":"single","resource":"items:tools_weapons/other/rogue_sword"},{"type":"single","resource":"items:armors/vote/ultragold_chestplate"},{"type":"single","resource":"items:tools_weapons/bob/shovelrl"},{"type":"single","resource":"items:tools_weapons/bob/hoerl"},{"type":"single","resource":"items:tools_weapons/rogue/rogue_pickaxe"},{"type":"single","resource":"items:tools_weapons/inferno/shovel"},{"type":"single","resource":"items:armors/starter/titansteel_chestplate"},{"type":"single","resource":"items:tools_weapons/rift/texture"},{"type":"single","resource":"items:tools_weapons/inferno/pickaxe"},{"type":"single","resource":"items:tools_weapons/bob/shieldrl"},{"type":"single","resource":"items:tools_weapons/rogue/rogue_staff"},{"type":"single","resource":"items:armors/angelic/angelic_helmet"},{"type":"single","resource":"items:armors/vote/ultragold_boots"},{"type":"single","resource":"items:tools_weapons/rogue/rogue_axe"},{"type":"single","resource":"items:armors/rift/leviathan_chestplate_icon"},{"type":"single","resource":"items:tools_weapons/grappin/grappling_hook"},{"type":"single","resource":"items:tools_weapons/rogue/rogue_shovel"},{"type":"single","resource":"items:tools_weapons/rift/ball_crystal"},{"type":"single","resource":"items:armors/starter/titansteel_boots"},{"type":"single","resource":"items:armors/starter/titansteel_leggings"},{"type":"single","resource":"items:tools_weapons/angelic/angelic_shovel"},{"type":"single","resource":"items:tools_weapons/angelic/angelic_fishing_rod"},{"type":"single","resource":"items:tools_weapons/angelic/angelic_vfx_bow"},{"type":"single","resource":"items:tools_weapons/inferno/staff"},{"type":"single","resource":"items:armors/starter/titansteel_helmet"},{"type":"single","resource":"items:tools_weapons/rogue/rogue_fishing_rod"},{"type":"single","resource":"items:tools_weapons/rogue/rogue_sword"},{"type":"single","resource":"items:tools_weapons/inferno/axe"},{"type":"single","resource":"items:tools_weapons/bob/crossbowrlanc_0"},{"type":"single","resource":"items:tools_weapons/angelic/angelic_vfx_bow_1"},{"type":"single","resource":"items:tools_weapons/rogue/rogue_hoe"},{"type":"single","resource":"items:tools_weapons/angelic/angelic_hoe"},{"type":"single","resource":"items:tools_weapons/angelic/angelic_bow"},{"type":"single","resource":"items:armors/rift/leviathan_leggings_icon"},{"type":"single","resource":"items:armors/angelic/angelic_boots"},{"type":"single","resource":"items:tools_weapons/rift/lighting"},{"type":"single","resource":"items:tools_weapons/angelic/angelic_vfx"},{"type":"single","resource":"items:tools_weapons/angelic/angelic_vfx_bow_2"},{"type":"single","resource":"items:tools_weapons/inferno/scythe"},{"type":"single","resource":"items:tools_weapons/rift/chest"},{"type":"single","resource":"items:tools_weapons/angelic/angelic_wand"},{"type":"single","resource":"items:tools_weapons/angelic/angelic_sword"},{"type":"single","resource":"items:tools_weapons/bob/crossbow_1"},{"type":"single","resource":"items:tools_weapons/rogue/rogue_shield"},{"type":"single","resource":"items:armors/angelic/angelic_chestplate"},{"type":"single","resource":"items:tools_weapons/bob/crossbow_2"},{"type":"single","resource":"items:armors/rift/leviathan_helmet_icon"},{"type":"single","resource":"items:tools_weapons/bob/swordrl"},{"type":"single","resource":"items:tools_weapons/bob/crossbow_0"},{"type":"single","resource":"items:tools_weapons/inferno/sword"}]}