{"sources":[{"type":"single","resource":"items:tools_weapons/angelic/angelic_vfx_bow_1"},{"type":"single","resource":"items:tools_weapons/angelic/angelic_hoe"},{"type":"single","resource":"items:tools_weapons/angelic/angelic_shovel"},{"type":"single","resource":"items:tools_weapons/angelic/angelic_fishing_rod"},{"type":"single","resource":"items:tools_weapons/angelic/angelic_bow"},{"type":"single","resource":"items:tools_weapons/angelic/angelic_vfx_bow"},{"type":"single","resource":"items:armors/angelic/angelic_boots"},{"type":"single","resource":"items:tools_weapons/angelic/angelic_vfx"},{"type":"single","resource":"items:tools_weapons/angelic/angelic_vfx_bow_2"},{"type":"single","resource":"items:armors/angelic/angelic_helmet"},{"type":"single","resource":"items:tools_weapons/angelic/angelic_wand"},{"type":"single","resource":"items:tools_weapons/angelic/angelic_axe"},{"type":"single","resource":"items:tools_weapons/angelic/angelic_arrow_vfx"},{"type":"single","resource":"items:tools_weapons/angelic/angelic_vfx_1"},{"type":"single","resource":"items:tools_weapons/angelic/angelic_sword"},{"type":"single","resource":"items:armors/angelic/angelic_chestplate"},{"type":"single","resource":"items:tools_weapons/angelic/angelic_pickaxe"},{"type":"single","resource":"items:armors/angelic/angelic_leggings"}]}