{
	"credit": "by w11shes",
	"texture_size": [32, 32],
	"textures": {
		"0": "items:tools_weapons/rogue/rogue_fishing_rod",
		"particle": "items:tools_weapons/rogue/rogue_fishing_rod"
	},
	"elements": [
		{
			"from": [6.92684, 2, 5.95184],
			"to": [8.92684, 26, 7.95184],
			"rotation": {"angle": 0, "axis": "y", "origin": [7.93934, 8.6625, 5.0125]},
			"faces": {
				"north": {"uv": [4.5, 1.5, 5.5, 13.5], "texture": "#0"},
				"east": {"uv": [4.5, 1.5, 3.5, 13.5], "texture": "#0"},
				"south": {"uv": [15, 0, 16, 12], "texture": "#0"},
				"west": {"uv": [3.5, 1.5, 4.5, 13.5], "texture": "#0"},
				"up": {"uv": [9.5, 4.5, 8.5, 3.5], "rotation": 270, "texture": "#0"}
			}
		},
		{
			"from": [5.05918, 23, 4.87498],
			"to": [8.05918, 25, 7.87498],
			"rotation": {"angle": 45, "axis": "y", "origin": [7.93934, 8.6625, 5.0125]},
			"faces": {
				"north": {"uv": [11, 10, 12.5, 11], "texture": "#0"},
				"east": {"uv": [12.5, 10, 11, 11], "texture": "#0"},
				"south": {"uv": [11, 10, 12.5, 11], "texture": "#0"},
				"west": {"uv": [12.5, 10, 11, 11], "texture": "#0"},
				"up": {"uv": [12.5, 4.5, 11, 3], "rotation": 270, "texture": "#0"},
				"down": {"uv": [12.5, 4.5, 11, 6], "rotation": 90, "texture": "#0"}
			}
		},
		{
			"from": [5.05918, 9, 4.87498],
			"to": [8.05918, 11, 7.87498],
			"rotation": {"angle": 45, "axis": "y", "origin": [7.93934, 8.6625, 5.0125]},
			"faces": {
				"north": {"uv": [11, 10, 12.5, 11], "texture": "#0"},
				"east": {"uv": [12.5, 10, 11, 11], "texture": "#0"},
				"south": {"uv": [11, 10, 12.5, 11], "texture": "#0"},
				"west": {"uv": [12.5, 10, 11, 11], "texture": "#0"},
				"up": {"uv": [12.5, 4.5, 11, 3], "rotation": 270, "texture": "#0"},
				"down": {"uv": [12.5, 4.5, 11, 6], "rotation": 90, "texture": "#0"}
			}
		},
		{
			"from": [5.05918, 16, 4.87498],
			"to": [8.05918, 18, 7.87498],
			"rotation": {"angle": 45, "axis": "y", "origin": [7.93934, 8.6625, 5.0125]},
			"faces": {
				"north": {"uv": [11, 10, 12.5, 11], "texture": "#0"},
				"east": {"uv": [12.5, 10, 11, 11], "texture": "#0"},
				"south": {"uv": [11, 10, 12.5, 11], "texture": "#0"},
				"west": {"uv": [12.5, 10, 11, 11], "texture": "#0"},
				"up": {"uv": [12.5, 4.5, 11, 3], "rotation": 270, "texture": "#0"},
				"down": {"uv": [12.5, 4.5, 11, 6], "rotation": 90, "texture": "#0"}
			}
		},
		{
			"from": [5.12487, 2, 3.8093],
			"to": [9.12487, 5, 7.8093],
			"rotation": {"angle": 45, "axis": "y", "origin": [7.93934, 8.6625, 5.0125]},
			"faces": {
				"north": {"uv": [7, 11, 9, 12.5], "texture": "#0"},
				"east": {"uv": [11, 7, 13, 8.5], "texture": "#0"},
				"south": {"uv": [0, 11.5, 2, 13], "texture": "#0"},
				"west": {"uv": [11.5, 0, 13.5, 1.5], "texture": "#0"},
				"up": {"uv": [7.5, 6.5, 5.5, 4.5], "rotation": 270, "texture": "#0"},
				"down": {"uv": [7.5, 6.5, 5.5, 8.5], "rotation": 90, "texture": "#0"}
			}
		},
		{
			"from": [8.12487, 5, 6.8093],
			"to": [6.12487, 2, 4.8093],
			"rotation": {"angle": 45, "axis": "y", "origin": [7.93934, 8.6625, 5.0125]},
			"faces": {
				"north": {"uv": [12, 1.5, 13, 0], "texture": "#0"},
				"east": {"uv": [12, 1.5, 13, 0], "texture": "#0"},
				"south": {"uv": [7.5, 12.5, 8.5, 11], "texture": "#0"},
				"west": {"uv": [11.5, 8.5, 12.5, 7], "texture": "#0"}
			}
		},
		{
			"from": [6.42684, 4.11561, -1.74149],
			"to": [9.42684, 8.11561, 2.25851],
			"rotation": {"angle": -45, "axis": "x", "origin": [7.93934, 8.6625, 5.0125]},
			"faces": {
				"north": {"uv": [1, 8, 2.5, 10], "texture": "#0"},
				"east": {"uv": [9.5, 4.5, 7.5, 6.5], "texture": "#0"},
				"south": {"uv": [8.5, 0, 10, 2], "texture": "#0"},
				"west": {"uv": [7.5, 4.5, 9.5, 6.5], "texture": "#0"},
				"up": {"uv": [10.5, 3.5, 8.5, 2], "rotation": 270, "texture": "#0"},
				"down": {"uv": [7.5, 8.5, 5.5, 10], "rotation": 90, "texture": "#0"}
			}
		},
		{
			"from": [6.92684, -3, 5.95184],
			"to": [8.92684, 2, 7.95184],
			"rotation": {"angle": 0, "axis": "y", "origin": [7.93934, 8.6625, 5.0125]},
			"faces": {
				"north": {"uv": [7.5, 8.5, 8.5, 11], "texture": "#0"},
				"east": {"uv": [3.5, 8, 2.5, 10.5], "texture": "#0"},
				"south": {"uv": [8.5, 8.5, 9.5, 11], "texture": "#0"},
				"west": {"uv": [2.5, 8, 3.5, 10.5], "texture": "#0"}
			}
		},
		{
			"from": [5.05918, -6, 4.87498],
			"to": [8.05918, -3, 7.87498],
			"rotation": {"angle": 45, "axis": "y", "origin": [7.93934, 8.6625, 5.0125]},
			"faces": {
				"north": {"uv": [9.5, 3.5, 11, 5], "texture": "#0"},
				"east": {"uv": [9.5, 3.5, 11, 5], "texture": "#0"},
				"south": {"uv": [9.5, 3.5, 11, 5], "texture": "#0"},
				"west": {"uv": [9.5, 3.5, 11, 5], "texture": "#0"},
				"up": {"uv": [11, 6.5, 9.5, 5], "rotation": 270, "texture": "#0"},
				"down": {"uv": [11, 6.5, 9.5, 8], "rotation": 90, "texture": "#0"}
			}
		},
		{
			"from": [6.92684, -2.82911, 15.24675],
			"to": [8.92684, 1.17089, 19.24675],
			"rotation": {"angle": 45, "axis": "x", "origin": [7.93934, 8.6625, 5.0125]},
			"faces": {
				"north": {"uv": [2.5, 10.5, 3.5, 12.5], "texture": "#0"},
				"east": {"uv": [9.5, 6.5, 7.5, 8.5], "texture": "#0"},
				"south": {"uv": [9, 11, 10, 13], "texture": "#0"},
				"west": {"uv": [7.5, 6.5, 9.5, 8.5], "texture": "#0"},
				"up": {"uv": [13, 10, 11, 9], "rotation": 270, "texture": "#0"},
				"down": {"uv": [12, 11, 10, 12], "rotation": 90, "texture": "#0"}
			}
		},
		{
			"from": [8.92684, 0.17089, 18.24675],
			"to": [6.92684, -1.82911, 16.24675],
			"rotation": {"angle": 45, "axis": "x", "origin": [7.93934, 8.6625, 5.0125]},
			"faces": {
				"north": {"uv": [9, 12.5, 10, 11.5], "texture": "#0"},
				"south": {"uv": [2.5, 12, 3.5, 11], "texture": "#0"},
				"up": {"uv": [10.5, 11, 11.5, 12], "rotation": 270, "texture": "#0"},
				"down": {"uv": [11.5, 10, 12.5, 9], "rotation": 90, "texture": "#0"}
			}
		},
		{
			"from": [6.52695, 24, 3.40721],
			"to": [9.52695, 24.05, 6.40721],
			"rotation": {"angle": 45, "axis": "y", "origin": [7.93934, 8.6625, 5.0125]},
			"faces": {
				"up": {"uv": [11, 9.5, 9.5, 8], "rotation": 270, "texture": "#0"},
				"down": {"uv": [11, 8, 9.5, 9.5], "rotation": 90, "texture": "#0"}
			}
		},
		{
			"from": [6.52695, 17, 3.40721],
			"to": [9.52695, 17.05, 6.40721],
			"rotation": {"angle": 45, "axis": "y", "origin": [7.93934, 8.6625, 5.0125]},
			"faces": {
				"up": {"uv": [11, 9.5, 9.5, 8], "rotation": 270, "texture": "#0"},
				"down": {"uv": [11, 8, 9.5, 9.5], "rotation": 90, "texture": "#0"}
			}
		},
		{
			"from": [6.52695, 10, 3.40721],
			"to": [9.52695, 10.05, 6.40721],
			"rotation": {"angle": 45, "axis": "y", "origin": [7.93934, 8.6625, 5.0125]},
			"faces": {
				"up": {"uv": [11, 9.5, 9.5, 8], "rotation": 270, "texture": "#0"},
				"down": {"uv": [11, 8, 9.5, 9.5], "rotation": 90, "texture": "#0"}
			}
		},
		{
			"from": [7.92684, 7.71683, -2.78448],
			"to": [7.97684, 13.71683, 3.21552],
			"rotation": {"angle": 45, "axis": "x", "origin": [7.93934, 8.6625, 5.0125]},
			"faces": {
				"east": {"uv": [8.5, 1.5, 5.5, 4.5], "texture": "#0"},
				"west": {"uv": [5.5, 1.5, 8.5, 4.5], "texture": "#0"}
			}
		},
		{
			"from": [7.92684, 12.71683, -7.78448],
			"to": [7.97684, 19.71683, -0.78448],
			"rotation": {"angle": 45, "axis": "x", "origin": [7.93934, 8.6625, 5.0125]},
			"faces": {
				"east": {"uv": [3.5, 1.5, 0, 5], "texture": "#0"},
				"west": {"uv": [0, 1.5, 3.5, 5], "texture": "#0"}
			}
		},
		{
			"from": [7.92684, 3.71683, 2.21552],
			"to": [7.97684, 9.71683, 7.21552],
			"rotation": {"angle": 45, "axis": "x", "origin": [7.93934, 8.6625, 5.0125]},
			"faces": {
				"east": {"uv": [3.5, 5, 1, 8], "texture": "#0"},
				"west": {"uv": [1, 5, 3.5, 8], "texture": "#0"}
			}
		}
	],
	"gui_light": "front",
	"display": {
		"thirdperson_righthand": {
			"rotation": [-10.75, 0, 0],
			"translation": [-0.5, 2.75, 1.75],
			"scale": [0.75, 0.75, 0.75]
		},
		"thirdperson_lefthand": {
			"rotation": [-10.75, 0, 0],
			"translation": [-0.5, 2.75, 1.75],
			"scale": [0.75, 0.75, 0.75]
		},
		"firstperson_righthand": {
			"rotation": [-46.45, 4.78, -7.35],
			"translation": [4.5, 0.5, -2.5],
			"scale": [0.74609, 0.74609, 0.74609]
		},
		"firstperson_lefthand": {
			"rotation": [-46.45, 4.78, -7.35],
			"translation": [4.5, 0.5, -2.5],
			"scale": [0.74609, 0.74609, 0.74609]
		},
		"ground": {
			"rotation": [94, 85, 0],
			"translation": [0, 0, 2],
			"scale": [0.5, 0.5, 0.5]
		},
		"gui": {
			"rotation": [-76, 50, 100],
			"translation": [2.75, -0.25, 0],
			"scale": [0.49922, 0.51875, 0.49922]
		},
		"head": {
			"rotation": [90, -171, 90],
			"translation": [-2.25, 9.25, 0.25],
			"scale": [0.7, 0.7, 0.7]
		},
		"fixed": {
			"rotation": [0, 90, 0],
			"translation": [2.25, -5, -1.25],
			"scale": [1.24336, 1.24336, 1.24336]
		}
	}
}