{"credit":"by w11shes","texture_size":[32,32],"textures":{"0":"items:tools_weapons/rogue/rogue_pickaxe","particle":"items:tools_weapons/rogue/rogue_pickaxe"},"elements":[{"from":[6.50884,-10,6.52134],"to":[9.50884,-7,9.52134],"rotation":{"angle":45,"axis":"y","origin":[8,-2.02126,8.0125]},"faces":{"north":{"uv":[3.5,3.5,5,5],"texture":"#0"},"east":{"uv":[3.5,3.5,5,5],"texture":"#0"},"south":{"uv":[3.5,3.5,5,5],"texture":"#0"},"west":{"uv":[3.5,3.5,5,5],"texture":"#0"},"up":{"uv":[6,1.5,4.5,0],"rotation":90,"texture":"#0"},"down":{"uv":[2.5,5.5,1,7],"rotation":270,"texture":"#0"}}},{"from":[7.0125,-10.15806,-0.12429],"to":[9.0125,-6.15806,3.87571],"rotation":{"angle":-45,"axis":"x","origin":[8,-2.02126,8.0125]},"faces":{"north":{"uv":[4,5,5,7],"texture":"#0"},"east":{"uv":[2.5,0,4.5,2],"texture":"#0"},"south":{"uv":[5,3,6,5],"texture":"#0"},"west":{"uv":[4.5,0,2.5,2],"texture":"#0"},"up":{"uv":[7,6,5,5],"rotation":90,"texture":"#0"},"down":{"uv":[8,0,6,1],"rotation":270,"texture":"#0"}}},{"from":[9.0125,-7.15806,2.8757],"to":[7.0125,-9.15806,0.8757],"rotation":{"angle":-45,"axis":"x","origin":[8,-2.02126,8.0125]},"faces":{"north":{"uv":[5,4.5,6,3.5],"texture":"#0"},"south":{"uv":[4,6.5,5,5.5],"texture":"#0"},"up":{"uv":[6.5,0,7.5,1],"rotation":90,"texture":"#0"},"down":{"uv":[5.5,6,6.5,5],"rotation":270,"texture":"#0"}}},{"from":[7.0125,-7,7.0125],"to":[9.0125,12,9.0125],"rotation":{"angle":0,"axis":"y","origin":[8,-2.02126,8.0125]},"faces":{"north":{"uv":[1,0,0,9.5],"texture":"#0"},"east":{"uv":[0,0,1,9.5],"texture":"#0"},"south":{"uv":[1,0,0,9.5],"texture":"#0"},"west":{"uv":[0,0,1,9.5],"texture":"#0"},"up":{"uv":[7,4,6,3],"rotation":90,"texture":"#0"}}},{"from":[6.50884,3,6.52134],"to":[9.50884,10,9.52134],"rotation":{"angle":45,"axis":"y","origin":[8,-2.02126,8.0125]},"faces":{"north":{"uv":[1,0,2.5,3.5],"texture":"#0"},"east":{"uv":[2.5,0,1,3.5],"texture":"#0"},"south":{"uv":[1,0,2.5,3.5],"texture":"#0"},"west":{"uv":[2.5,0,1,3.5],"texture":"#0"},"up":{"uv":[6.5,3,5,1.5],"rotation":90,"texture":"#0"},"down":{"uv":[4,5.5,2.5,7],"rotation":270,"texture":"#0"}}},{"from":[7.5125,5.77335,5.75195],"to":[8.5125,8.77335,10.75195],"rotation":{"angle":-22.5,"axis":"x","origin":[8,-2.02126,8.0125]},"faces":{"north":{"uv":[4.5,2,5,3.5],"texture":"#0"},"east":{"uv":[2.5,2,5,3.5],"texture":"#0"},"west":{"uv":[5,2,2.5,3.5],"texture":"#0"},"up":{"uv":[5,2,2.5,2.5],"rotation":90,"texture":"#0"},"down":{"uv":[5,3,2.5,3.5],"rotation":270,"texture":"#0"}}},{"from":[7.9625,4.77335,0.75195],"to":[8.0125,8.77335,5.75195],"rotation":{"angle":-22.5,"axis":"x","origin":[8,-2.02126,8.0125]},"faces":{"east":{"uv":[1,3.5,3.5,5.5],"texture":"#0"},"west":{"uv":[3.5,3.5,1,5.5],"texture":"#0"}}},{"from":[7.5125,5.77335,5.27305],"to":[8.5125,8.77335,10.27305],"rotation":{"angle":22.5,"axis":"x","origin":[8,-2.02126,8.0125]},"faces":{"east":{"uv":[5,2,2.5,3.5],"texture":"#0"},"south":{"uv":[5,2,4.5,3.5],"texture":"#0"},"west":{"uv":[2.5,2,5,3.5],"texture":"#0"},"up":{"uv":[2.5,2,5,2.5],"rotation":90,"texture":"#0"},"down":{"uv":[2.5,3,5,3.5],"rotation":270,"texture":"#0"}}},{"from":[7.9625,4.77335,10.27305],"to":[8.0125,8.77335,15.27305],"rotation":{"angle":22.5,"axis":"x","origin":[8,-2.02126,8.0125]},"faces":{"east":{"uv":[3.5,3.5,1,5.5],"texture":"#0"},"west":{"uv":[1,3.5,3.5,5.5],"texture":"#0"}}}],"gui_light":"front","display":{"thirdperson_righthand":{"translation":[0,6,1.75],"scale":[0.75,0.75,0.75]},"thirdperson_lefthand":{"translation":[0,6,1.75],"scale":[0.75,0.75,0.75]},"firstperson_righthand":{"rotation":[-3,20,10],"translation":[1.25,7.5,-2.5],"scale":[0.74609,0.74609,0.74609]},"firstperson_lefthand":{"rotation":[-3,20,10],"translation":[1.25,7.5,-2.5],"scale":[0.74609,0.74609,0.74609]},"ground":{"rotation":[94,85,0],"translation":[0,0,2],"scale":[0.5,0.5,0.5]},"gui":{"rotation":[-90,50,90],"translation":[-2.5,3,0],"scale":[0.55,0.55,0.55]},"head":{"rotation":[90,-171,90],"translation":[0.25,9.25,0.25],"scale":[0.7,0.7,0.7]},"fixed":{"rotation":[0,90,0],"translation":[0.25,4.5,-1.25],"scale":[1.42109,1.42109,1.42109]}}}