{"credit":"by w11shes","texture_size":[32,32],"textures":{"1":"items:tools_weapons/rogue/rogue_shovel"},"elements":[{"from":[6.83145,-10,5.69982],"to":[9.83145,-7,8.69982],"rotation":{"angle":-45,"axis":"y","origin":[8,3.30676,7.53127]},"faces":{"north":{"uv":[7.5,2,6,3.5],"texture":"#1"},"east":{"uv":[7.5,2,6,3.5],"texture":"#1"},"south":{"uv":[7.5,2,6,3.5],"texture":"#1"},"west":{"uv":[7.5,2,6,3.5],"texture":"#1"},"up":{"uv":[7.5,3.5,6,5],"rotation":90,"texture":"#1"},"down":{"uv":[6,7.5,4.5,6],"rotation":270,"texture":"#1"}}},{"from":[7.46874,-8.59752,-4.37301],"to":[9.46874,-4.59752,-0.37301],"rotation":{"angle":-45,"axis":"x","origin":[8,3.30676,7.53127]},"faces":{"north":{"uv":[2,7.5,1,9.5],"texture":"#1"},"east":{"uv":[6,0,8,2],"texture":"#1"},"south":{"uv":[1,7.5,0,9.5],"texture":"#1"},"west":{"uv":[8,0,6,2],"texture":"#1"},"up":{"uv":[9.5,2,7.5,3],"rotation":90,"texture":"#1"},"down":{"uv":[9.5,4,7.5,3],"rotation":270,"texture":"#1"}}},{"from":[9.46874,-5.59751,-1.37301],"to":[7.46874,-7.59751,-3.37301],"rotation":{"angle":-45,"axis":"x","origin":[8,3.30676,7.53127]},"faces":{"north":{"uv":[8.5,4,7.5,5],"texture":"#1"},"south":{"uv":[3,7.5,2,8.5],"texture":"#1"},"up":{"uv":[5.5,7.5,4.5,8.5],"rotation":90,"texture":"#1"},"down":{"uv":[8.5,6,7.5,5],"rotation":270,"texture":"#1"}}},{"from":[7.46874,-7,6.53127],"to":[9.46874,5,8.53127],"rotation":{"angle":0,"axis":"y","origin":[8,3.30676,7.53127]},"faces":{"north":{"uv":[5,0,6,6],"texture":"#1"},"east":{"uv":[6,0,5,6],"texture":"#1"},"south":{"uv":[5,0,6,6],"texture":"#1"},"west":{"uv":[6,0,5,6],"texture":"#1"}}},{"from":[6.83145,5,5.69982],"to":[9.83145,12,8.69982],"rotation":{"angle":-45,"axis":"y","origin":[8,3.30676,7.53127]},"faces":{"north":{"uv":[4.5,5,3,8.5],"texture":"#1"},"east":{"uv":[4.5,5,3,8.5],"texture":"#1"},"south":{"uv":[4.5,5,3,8.5],"texture":"#1"},"west":{"uv":[4.5,5,3,8.5],"texture":"#1"},"up":{"uv":[7.5,5,6,6.5],"rotation":90,"texture":"#1"},"down":{"uv":[7.5,8,6,6.5],"rotation":270,"texture":"#1"}}},{"from":[7.96874,10,4.53127],"to":[8.96874,15,10.53127],"rotation":{"angle":0,"axis":"y","origin":[8,3.30676,7.53127]},"faces":{"north":{"uv":[3,5,2.5,7.5],"texture":"#1"},"east":{"uv":[3,5,0,7.5],"texture":"#1"},"south":{"uv":[0.5,5,0,7.5],"texture":"#1"},"west":{"uv":[3,5,0,7.5],"texture":"#1"},"up":{"uv":[0,5.5,3,5],"rotation":90,"texture":"#1"},"down":{"uv":[0,7.5,3,7],"rotation":270,"texture":"#1"}}},{"from":[8.46874,10,2.53127],"to":[8.48874,15,12.53127],"rotation":{"angle":0,"axis":"y","origin":[8,3.30676,7.53127]},"faces":{"east":{"uv":[5,0,0,2.5],"texture":"#1"},"west":{"uv":[5,0,0,2.5],"texture":"#1"}}},{"from":[12.90786,13.93053,2.53127],"to":[12.92786,18.93053,12.53127],"rotation":{"angle":22.5,"axis":"z","origin":[8,3.30676,7.53127]},"faces":{"east":{"uv":[5,2.5,0,5],"texture":"#1"},"west":{"uv":[5,2.5,0,5],"texture":"#1"}}}],"gui_light":"front","display":{"thirdperson_righthand":{"translation":[0,4.25,1.75],"scale":[0.75,0.75,0.75]},"thirdperson_lefthand":{"translation":[0,4.25,1.75],"scale":[0.75,0.75,0.75]},"firstperson_righthand":{"rotation":[-3,20,10],"translation":[3.25,2,-2.5],"scale":[0.74609,0.74609,0.74609]},"firstperson_lefthand":{"rotation":[-3,20,10],"translation":[3.25,2,-2.5],"scale":[0.74609,0.74609,0.74609]},"ground":{"rotation":[94,85,0],"translation":[0,0,2],"scale":[0.5,0.5,0.5]},"gui":{"rotation":[-90,50,90],"translation":[-1.25,1.5,0],"scale":[0.55,0.55,0.55]},"head":{"rotation":[90,-171,90],"translation":[-2.25,9.25,0.25],"scale":[0.7,0.7,0.7]},"fixed":{"rotation":[0,90,0],"translation":[0,1,-1.25],"scale":[1.42109,1.42109,1.42109]}}}