{
	"credit": "Made with Blockbench",
	"texture_size": [32, 32],
	"textures": {
		"0": "items:tools_weapons/grappin/grappling_hook",
		"particle": "items:tools_weapons/grappin/grappling_hook"
	},
	"elements": [
		{
			"from": [6.5, 1, 4.80524],
			"to": [9.5, 4, 12.80524],
			"rotation": {"angle": 0, "axis": "y", "origin": [6.5, 0, 9.80524]},
			"faces": {
				"north": {"uv": [6.5, 3.5, 8, 5], "texture": "#0"},
				"east": {"uv": [0, 5, 4, 6.5], "texture": "#0"},
				"south": {"uv": [5.5, 7, 7, 8.5], "texture": "#0"},
				"west": {"uv": [5, 0, 9, 1.5], "texture": "#0"},
				"up": {"uv": [6.5, 5.5, 5, 1.5], "texture": "#0"},
				"down": {"uv": [5.5, 5.5, 4, 9.5], "texture": "#0"}
			}
		},
		{
			"from": [8, 0, 4.80524],
			"to": [8, 5, 14.80524],
			"rotation": {"angle": 0, "axis": "y", "origin": [5, 0, 11.80524]},
			"faces": {
				"north": {"uv": [0, 0, 0, 2.5], "texture": "#0"},
				"east": {"uv": [0, 0, 5, 2.5], "texture": "#0"},
				"south": {"uv": [0, 0, 0, 2.5], "texture": "#0"},
				"west": {"uv": [0, 2.5, 5, 5], "texture": "#0"},
				"up": {"uv": [0, 5, 0, 0], "texture": "#0"},
				"down": {"uv": [0, 0, 0, 5], "texture": "#0"}
			}
		},
		{
			"from": [7, 1.46447, 9.68392],
			"to": [9, 4.46447, 13.68392],
			"rotation": {"angle": 45, "axis": "x", "origin": [7, 0.46447, 10.68392]},
			"faces": {
				"north": {"uv": [7, 7, 8.5, 8.5], "texture": "#0"},
				"east": {"uv": [5.5, 5.5, 7.5, 7], "texture": "#0"},
				"south": {"uv": [7.5, 5, 9, 6.5], "texture": "#0"},
				"west": {"uv": [0, 6.5, 2, 8], "texture": "#0"},
				"up": {"uv": [8, 3.5, 6.5, 1.5], "texture": "#0"},
				"down": {"uv": [3.5, 6.5, 2, 8.5], "texture": "#0"}
			}
		}
	],
	"gui_light": "front",
	"display": {
		"thirdperson_righthand": {
			"translation": [0, 6.25, -2]
		},
		"thirdperson_lefthand": {
			"translation": [0, 6.25, -2]
		},
		"firstperson_righthand": {
			"translation": [3, 6, 0]
		},
		"firstperson_lefthand": {
			"translation": [3, 6, 0]
		},
		"ground": {
			"translation": [0, 2.5, 0],
			"scale": [0.55078, 0.55078, 0.55078]
		},
		"gui": {
			"rotation": [90, -54.25, 90],
			"translation": [-4.5, 5.75, 0],
			"scale": [1.2168, 1.2168, 1.2168]
		}
	},
	"groups": [
		{
			"name": "group",
			"origin": [8, 8, 10.80524],
			"color": 0,
			"children": [0, 1, 2]
		}
	]
}