{"credit":"Made with Blockbench","texture_size":[32,32],"textures":{"1":"items:tools_weapons/grappin/grappling_hook"},"elements":[{"from":[6.5,1,4.80524],"to":[9.5,4,12.80524],"rotation":{"angle":0,"axis":"y","origin":[6.5,0,9.80524]},"faces":{"north":{"uv":[6.5,3.5,8,5],"texture":"#1"},"east":{"uv":[0,5,4,6.5],"texture":"#1"},"south":{"uv":[5.5,7,7,8.5],"texture":"#1"},"west":{"uv":[5,0,9,1.5],"texture":"#1"},"up":{"uv":[6.5,5.5,5,1.5],"texture":"#1"},"down":{"uv":[5.5,5.5,4,9.5],"texture":"#1"}}},{"from":[7.5,2,1.80524],"to":[8.5,3,4.80524],"rotation":{"angle":0,"axis":"y","origin":[6.5,0,9.80524]},"faces":{"north":{"uv":[4,5,4.5,5.5],"texture":"#1"},"east":{"uv":[7.5,6.5,9,7],"texture":"#1"},"south":{"uv":[4.5,5,5,5.5],"texture":"#1"},"west":{"uv":[0,8,1.5,8.5],"texture":"#1"},"up":{"uv":[4,8,3.5,6.5],"texture":"#1"},"down":{"uv":[2,8,1.5,9.5],"texture":"#1"}}},{"from":[7.5,2.69448,2.34121],"to":[8.5,5.69448,3.34121],"rotation":{"angle":22.5,"axis":"x","origin":[8,4.19448,2.84121]},"faces":{"north":{"uv":[8,1.5,8.5,3],"texture":"#1"},"east":{"uv":[8,3,8.5,4.5],"texture":"#1"},"south":{"uv":[3.5,8,4,9.5],"texture":"#1"},"west":{"uv":[0,8.5,0.5,10],"texture":"#1"},"up":{"uv":[7,5.5,6.5,5],"texture":"#1"},"down":{"uv":[7.5,5,7,5.5],"texture":"#1"}}},{"from":[7.5,-0.69448,2.34121],"to":[8.5,2.30552,3.34121],"rotation":{"angle":-22.5,"axis":"x","origin":[8,0.80552,2.84121]},"faces":{"north":{"uv":[0.5,8.5,1,10],"texture":"#1"},"east":{"uv":[1,8.5,1.5,10],"texture":"#1"},"south":{"uv":[8.5,1.5,9,3],"texture":"#1"},"west":{"uv":[2,8.5,2.5,10],"texture":"#1"},"up":{"uv":[3,9,2.5,8.5],"texture":"#1"},"down":{"uv":[3.5,8.5,3,9],"texture":"#1"}}},{"from":[8.06549,2,1.69276],"to":[11.06549,3,2.69276],"rotation":{"angle":-22.5,"axis":"y","origin":[8,2.5,2.84121]},"faces":{"north":{"uv":[8,4.5,9.5,5],"texture":"#1"},"east":{"uv":[8.5,8,9,8.5],"texture":"#1"},"south":{"uv":[8.5,3,10,3.5],"texture":"#1"},"west":{"uv":[8.5,8.5,9,9],"texture":"#1"},"up":{"uv":[10,4,8.5,3.5],"texture":"#1"},"down":{"uv":[10,4,8.5,4.5],"texture":"#1"}}},{"from":[4.93451,2,1.69276],"to":[7.93451,3,2.69276],"rotation":{"angle":22.5,"axis":"y","origin":[8,2.5,2.84121]},"faces":{"north":{"uv":[5.5,8.5,7,9],"texture":"#1"},"east":{"uv":[9,0,9.5,0.5],"texture":"#1"},"south":{"uv":[7,8.5,8.5,9],"texture":"#1"},"west":{"uv":[9,0.5,9.5,1],"texture":"#1"},"up":{"uv":[10,7.5,8.5,7],"texture":"#1"},"down":{"uv":[10,7.5,8.5,8],"texture":"#1"}}},{"from":[8,0,4.80524],"to":[8,5,14.80524],"rotation":{"angle":0,"axis":"y","origin":[5,0,11.80524]},"faces":{"north":{"uv":[0,0,0,2.5],"texture":"#1"},"east":{"uv":[0,0,5,2.5],"texture":"#1"},"south":{"uv":[0,0,0,2.5],"texture":"#1"},"west":{"uv":[0,2.5,5,5],"texture":"#1"},"up":{"uv":[0,5,0,0],"texture":"#1"},"down":{"uv":[0,0,0,5],"texture":"#1"}}},{"from":[7,1.46447,9.68392],"to":[9,4.46447,13.68392],"rotation":{"angle":45,"axis":"x","origin":[7,0.46447,10.68392]},"faces":{"north":{"uv":[7,7,8.5,8.5],"texture":"#1"},"east":{"uv":[5.5,5.5,7.5,7],"texture":"#1"},"south":{"uv":[7.5,5,9,6.5],"texture":"#1"},"west":{"uv":[0,6.5,2,8],"texture":"#1"},"up":{"uv":[8,3.5,6.5,1.5],"texture":"#1"},"down":{"uv":[3.5,6.5,2,8.5],"texture":"#1"}}}],"gui_light":"front","display":{"thirdperson_righthand":{"translation":[0,6.25,-2]},"thirdperson_lefthand":{"translation":[0,6.25,-2]},"firstperson_righthand":{"translation":[3,6,0]},"firstperson_lefthand":{"translation":[3,6,0]},"ground":{"translation":[0,2.5,0],"scale":[0.55078,0.55078,0.55078]},"gui":{"rotation":[90,-54.25,90],"translation":[-4.5,5.75,0],"scale":[1.2168,1.2168,1.2168]}}}