{"credit":"Made with Blockbench","texture_size":[32,32],"textures":{"0":"items:tools_weapons/angelic/angelic_pickaxe","1":"items:tools_weapons/angelic/angelic_vfx_1","2":"items:tools_weapons/angelic/angelic_vfx"},"elements":[{"from":[7,-15.25,7],"to":[9,6.75,9],"rotation":{"angle":0,"axis":"y","origin":[0,14,0]},"faces":{"north":{"uv":[0,0,1,11],"texture":"#0"},"east":{"uv":[1,0,2,11],"texture":"#0"},"south":{"uv":[2,0,3,11],"texture":"#0"},"west":{"uv":[3,0,4,11],"texture":"#0"},"up":{"uv":[10,4,9,3],"texture":"#0"},"down":{"uv":[5,9,4,10],"texture":"#0"}}},{"from":[6.5,-14.25,6.5],"to":[9.5,-13.25,9.5],"faces":{"north":{"uv":[9,4.5,10.5,5],"texture":"#0"},"east":{"uv":[9,5,10.5,5.5],"texture":"#0"},"south":{"uv":[9,5.5,10.5,6],"texture":"#0"},"west":{"uv":[9.5,0,11,0.5],"texture":"#0"},"up":{"uv":[7.5,4.5,6,3],"texture":"#0"},"down":{"uv":[5.5,6,4,7.5],"texture":"#0"}}},{"from":[6,-4.25,6.5],"to":[10,-3.25,9.5],"faces":{"north":{"uv":[8.5,7,10.5,7.5],"texture":"#0"},"east":{"uv":[9.5,2,11,2.5],"texture":"#0"},"south":{"uv":[9,4,11,4.5],"texture":"#0"},"west":{"uv":[9.5,2.5,11,3],"texture":"#0"},"up":{"uv":[6,4.5,4,3],"texture":"#0"},"down":{"uv":[6,4.5,4,6],"texture":"#0"}}},{"from":[6.5,-6,9],"to":[9.5,-3,12],"rotation":{"angle":45,"axis":"x","origin":[8,-2,8]},"faces":{"north":{"uv":[6,4.5,7.5,6],"texture":"#0"},"east":{"uv":[5.5,6,7,7.5],"texture":"#0"},"south":{"uv":[7,6,8.5,7.5],"texture":"#0"},"west":{"uv":[7.5,3,9,4.5],"texture":"#0"},"up":{"uv":[5.5,9,4,7.5],"texture":"#0"},"down":{"uv":[9,4.5,7.5,6],"texture":"#0"}}},{"from":[7.5,2.75,4],"to":[8.5,5.75,12],"rotation":{"angle":0,"axis":"y","origin":[0,-3.25,-1]},"faces":{"north":{"uv":[5,9,5.5,10.5],"texture":"#0"},"east":{"uv":[4,0,8,1.5],"texture":"#0"},"south":{"uv":[9.5,0.5,10,2],"texture":"#0"},"west":{"uv":[4,1.5,8,3],"texture":"#0"},"up":{"uv":[6,11.5,5.5,7.5],"texture":"#0"},"down":{"uv":[6.5,7.5,6,11.5],"texture":"#0"}}},{"from":[7.501,0.95384,0.96609],"to":[8.499,2.95184,3.96409],"rotation":{"angle":-22.5,"axis":"x","origin":[7,4.45284,-2.03491]},"faces":{"north":{"uv":[8,9.5,8.5,10.5],"texture":"#0"},"east":{"uv":[6.5,7.5,8,8.5],"texture":"#0"},"south":{"uv":[8.5,9.5,9,10.5],"texture":"#0"},"west":{"uv":[8,0,9.5,1],"texture":"#0"},"up":{"uv":[7,11,6.5,9.5],"texture":"#0"},"down":{"uv":[7.5,9.5,7,11],"texture":"#0"}}},{"from":[8,2.27574,-2.5428],"to":[8,4.27574,0.4572],"rotation":{"angle":-45,"axis":"x","origin":[8,5.27574,0.9572]},"faces":{"north":{"uv":[0,0,0,1],"texture":"#0"},"east":{"uv":[8,1,9.5,2],"texture":"#0"},"south":{"uv":[0,0,0,1],"texture":"#0"},"west":{"uv":[8,2,9.5,3],"texture":"#0"},"up":{"uv":[0,1.5,0,0],"texture":"#0"},"down":{"uv":[0,0,0,1.5],"texture":"#0"}}},{"from":[8,2.27574,15.5428],"to":[8,4.27574,18.5428],"rotation":{"angle":45,"axis":"x","origin":[8,5.27574,15.0428]},"faces":{"north":{"uv":[0,0,0,1],"texture":"#0"},"east":{"uv":[6.5,8.5,8,9.5],"texture":"#0"},"south":{"uv":[0,0,0,1],"texture":"#0"},"west":{"uv":[8,8.5,9.5,9.5],"texture":"#0"},"up":{"uv":[0,1.5,0,0],"texture":"#0"},"down":{"uv":[0,0,0,1.5],"texture":"#0"}}},{"from":[7.501,0.95384,12.03591],"to":[8.499,2.95184,15.03391],"rotation":{"angle":22.5,"axis":"x","origin":[7,4.45284,18.03491]},"faces":{"north":{"uv":[9,9.5,9.5,10.5],"texture":"#0"},"east":{"uv":[8,7.5,9.5,8.5],"texture":"#0"},"south":{"uv":[9.5,9,10,10],"texture":"#0"},"west":{"uv":[8.5,6,10,7],"texture":"#0"},"up":{"uv":[8,11,7.5,9.5],"texture":"#0"},"down":{"uv":[10,7.5,9.5,9],"texture":"#0"}}},{"from":[5.75,-10.03553,8.5],"to":[5.75,5.96447,24.5],"rotation":{"angle":45,"axis":"x","origin":[8,6.46447,8]},"faces":{"north":{"uv":[0,0,0,8],"texture":"#2"},"east":{"uv":[0,0,16,16],"texture":"#2"},"south":{"uv":[0,0,0,8],"texture":"#2"},"west":{"uv":[0,0,16,16],"texture":"#2"},"up":{"uv":[0,8,0,0],"texture":"#2"},"down":{"uv":[0,0,0,8],"texture":"#2"}}},{"from":[10.25,-10.03553,8.5],"to":[10.25,5.96447,24.5],"rotation":{"angle":45,"axis":"x","origin":[8,6.46447,8]},"faces":{"north":{"uv":[0,0,0,8],"texture":"#1"},"east":{"uv":[0,0,16,16],"texture":"#1"},"south":{"uv":[0,0,0,8],"texture":"#1"},"west":{"uv":[16,0,0,16],"texture":"#1"},"up":{"uv":[0,8,0,0],"texture":"#1"},"down":{"uv":[0,0,0,8],"texture":"#1"}}}],"gui_light":"front","display":{"thirdperson_righthand":{"translation":[0,16.5,1.5]},"thirdperson_lefthand":{"translation":[0,16.5,1.5]},"firstperson_righthand":{"rotation":[12,4,0],"translation":[8.5,10.5,-3.75]},"firstperson_lefthand":{"rotation":[12,4,0],"translation":[8.5,10.25,-3.75]},"ground":{"rotation":[45,0,0],"translation":[0,4,1.75],"scale":[0.35,0.35,0.35]},"gui":{"rotation":[-90,135,90],"translation":[4,4,0],"scale":[0.6,0.6,0.6]},"fixed":{"rotation":[90,-45,90],"translation":[-4.25,4.25,-0.5],"scale":[0.7,0.7,0.7]}}}