{"credit":"Made with Blockbench","texture_size":[32,32],"textures":{"1":"items:tools_weapons/angelic/angelic_vfx","2":"items:tools_weapons/angelic/angelic_hoe","3":"items:tools_weapons/angelic/angelic_vfx_1","particle":"items:tools_weapons/angelic/angelic_hoe"},"elements":[{"from":[7,-15.25,7],"to":[9,6.75,9],"rotation":{"angle":0,"axis":"y","origin":[0,14,0]},"faces":{"north":{"uv":[0,0,1,11],"texture":"#2"},"east":{"uv":[1,0,2,11],"texture":"#2"},"south":{"uv":[2,0,3,11],"texture":"#2"},"west":{"uv":[3,0,4,11],"texture":"#2"},"up":{"uv":[6.5,9,5.5,8],"texture":"#2"},"down":{"uv":[10.5,8,9.5,9],"texture":"#2"}}},{"from":[6.5,-14.25,6.5],"to":[9.5,-13.25,9.5],"faces":{"north":{"uv":[10,4,11.5,4.5],"texture":"#2"},"east":{"uv":[10,4.5,11.5,5],"texture":"#2"},"south":{"uv":[10,5,11.5,5.5],"texture":"#2"},"west":{"uv":[10,5.5,11.5,6],"texture":"#2"},"up":{"uv":[8,7.5,6.5,6],"texture":"#2"},"down":{"uv":[8,7.5,6.5,9],"texture":"#2"}}},{"from":[6,-4.25,6.5],"to":[10,-3.25,9.5],"faces":{"north":{"uv":[10,3,12,3.5],"texture":"#2"},"east":{"uv":[9,10,10.5,10.5],"texture":"#2"},"south":{"uv":[10,3.5,12,4],"texture":"#2"},"west":{"uv":[10.5,0,12,0.5],"texture":"#2"},"up":{"uv":[8.5,4.5,6.5,3],"texture":"#2"},"down":{"uv":[8.5,4.5,6.5,6],"texture":"#2"}}},{"from":[6.5,-6,9],"to":[9.5,-3,12],"rotation":{"angle":45,"axis":"x","origin":[8,-2,8]},"faces":{"north":{"uv":[4,8,5.5,9.5],"texture":"#2"},"east":{"uv":[8,6,9.5,7.5],"texture":"#2"},"south":{"uv":[8,7.5,9.5,9],"texture":"#2"},"west":{"uv":[8.5,3,10,4.5],"texture":"#2"},"up":{"uv":[10,6,8.5,4.5],"texture":"#2"},"down":{"uv":[7,9,5.5,10.5],"texture":"#2"}}},{"from":[7.5,2.75,4],"to":[8.5,5.75,12],"rotation":{"angle":0,"axis":"y","origin":[0,-3.25,-1]},"faces":{"north":{"uv":[8,10,8.5,11.5],"texture":"#2"},"east":{"uv":[6.5,0,10.5,1.5],"texture":"#2"},"south":{"uv":[8.5,10,9,11.5],"texture":"#2"},"west":{"uv":[6.5,1.5,10.5,3],"texture":"#2"},"up":{"uv":[7.5,13,7,9],"texture":"#2"},"down":{"uv":[8,9,7.5,13],"texture":"#2"}}},{"from":[7.501,2.40638,11.73354],"to":[8.499,4.40438,14.73154],"rotation":{"angle":22.5,"axis":"x","origin":[8,4.90538,12.73254]},"faces":{"north":{"uv":[10.5,2,11,3],"texture":"#2"},"east":{"uv":[4,9.5,5.5,10.5],"texture":"#2"},"south":{"uv":[4.5,10.5,5,11.5],"texture":"#2"},"west":{"uv":[9.5,6.5,11,7.5],"texture":"#2"},"up":{"uv":[11,2,10.5,0.5],"texture":"#2"},"down":{"uv":[4.5,10.5,4,12],"texture":"#2"}}},{"from":[5.501,1.05384,-2.03391],"to":[10.499,2.05184,5.96409],"rotation":{"angle":-22.5,"axis":"x","origin":[7,4.45284,-2.03491]},"faces":{"north":{"uv":[9.5,7.5,12,8],"texture":"#2"},"east":{"uv":[8,9,12,9.5],"texture":"#2"},"south":{"uv":[8,9.5,10.5,10],"texture":"#2"},"west":{"uv":[9.5,6,13.5,6.5],"texture":"#2"},"up":{"uv":[6.5,4,4,0],"texture":"#2"},"down":{"uv":[6.5,4,4,8],"texture":"#2"}}},{"from":[5.75,-10.03553,8.5],"to":[5.75,5.96447,24.5],"rotation":{"angle":45,"axis":"x","origin":[8,6.46447,8]},"faces":{"north":{"uv":[0,0,0,8],"texture":"#1"},"east":{"uv":[0,0,16,16],"texture":"#1"},"south":{"uv":[0,0,0,8],"texture":"#1"},"west":{"uv":[0,0,16,16],"texture":"#1"},"up":{"uv":[0,8,0,0],"texture":"#1"},"down":{"uv":[0,0,0,8],"texture":"#1"}}},{"from":[10.25,-10.03553,8.5],"to":[10.25,5.96447,24.5],"rotation":{"angle":45,"axis":"x","origin":[8,6.46447,8]},"faces":{"north":{"uv":[0,0,0,8],"texture":"#3"},"east":{"uv":[0,0,16,16],"texture":"#3"},"south":{"uv":[0,0,0,8],"texture":"#3"},"west":{"uv":[16,0,0,16],"texture":"#3"},"up":{"uv":[0,8,0,0],"texture":"#3"},"down":{"uv":[0,0,0,8],"texture":"#3"}}}],"gui_light":"front","display":{"thirdperson_righthand":{"translation":[0,16.5,1.5]},"thirdperson_lefthand":{"translation":[0,16.5,1.5]},"firstperson_righthand":{"rotation":[12,4,0],"translation":[8.5,10.5,-3.75]},"firstperson_lefthand":{"rotation":[12,4,0],"translation":[8.5,10.25,-3.75]},"ground":{"rotation":[45,0,0],"translation":[0,4,1.75],"scale":[0.35,0.35,0.35]},"gui":{"rotation":[-90,135,90],"translation":[4,4,0],"scale":[0.6,0.6,0.6]},"fixed":{"rotation":[90,-45,90],"translation":[-4.25,4.25,-0.5],"scale":[0.7,0.7,0.7]}}}