{"credit":"Made with Blockbench","texture_size":[32,32],"textures":{"1":"items:tools_weapons/angelic/angelic_vfx","3":"items:tools_weapons/angelic/angelic_vfx_1","4":"items:tools_weapons/angelic/angelic_wand"},"elements":[{"from":[7,-15.25,7],"to":[9,5.75,9],"faces":{"north":{"uv":[0,0,1,10.5],"texture":"#4"},"east":{"uv":[1,0,2,10.5],"texture":"#4"},"south":{"uv":[2,0,3,10.5],"texture":"#4"},"west":{"uv":[3,0,4,10.5],"texture":"#4"},"up":{"uv":[9,5,8,4],"texture":"#4"},"down":{"uv":[5,10,4,11],"texture":"#4"}}},{"from":[6.5,-14.25,6.5],"to":[9.5,-12.25,9.5],"faces":{"north":{"uv":[6,9,7.5,10],"texture":"#4"},"east":{"uv":[7.5,9,9,10],"texture":"#4"},"south":{"uv":[9,9,10.5,10],"texture":"#4"},"west":{"uv":[9.5,2.5,11,3.5],"texture":"#4"},"up":{"uv":[9.5,4,8,2.5],"texture":"#4"},"down":{"uv":[9.5,7.5,8,9],"texture":"#4"}}},{"from":[6.5,-11.25,6.5],"to":[9.5,-10.25,9.5],"faces":{"north":{"uv":[8,10,9.5,10.5],"texture":"#4"},"east":{"uv":[9.5,10,11,10.5],"texture":"#4"},"south":{"uv":[0,10.5,1.5,11],"texture":"#4"},"west":{"uv":[1.5,10.5,3,11],"texture":"#4"},"up":{"uv":[10.5,5.5,9,4],"texture":"#4"},"down":{"uv":[10.5,5.5,9,7],"texture":"#4"}}},{"from":[6.5,6,8],"to":[9.5,11,13],"rotation":{"angle":45,"axis":"x","origin":[8,11,8]},"faces":{"north":{"uv":[6,5,7.5,7.5],"texture":"#4"},"east":{"uv":[4,0,6.5,2.5],"texture":"#4"},"south":{"uv":[6.5,0,8,2.5],"texture":"#4"},"west":{"uv":[4,2.5,6.5,5],"texture":"#4"},"up":{"uv":[8,5,6.5,2.5],"texture":"#4"},"down":{"uv":[9,5,7.5,7.5],"texture":"#4"}}},{"from":[9.5,8,10],"to":[6.5,9,11],"rotation":{"angle":45,"axis":"x","origin":[8,11,8]},"faces":{"north":{"uv":[10.5,4,12,4.5],"texture":"#4"},"east":{"uv":[9,7,9.5,7.5],"texture":"#4"},"south":{"uv":[10.5,4.5,12,5],"texture":"#4"},"west":{"uv":[10.5,7,11,7.5],"texture":"#4"},"up":{"uv":[6.5,11,5,10.5],"texture":"#4"},"down":{"uv":[12,5,10.5,5.5],"texture":"#4"}}},{"from":[6,3.75,6.5],"to":[10,4.75,9.5],"faces":{"north":{"uv":[9.5,3.5,11.5,4],"texture":"#4"},"east":{"uv":[5,10,6.5,10.5],"texture":"#4"},"south":{"uv":[9.5,8.5,11.5,9],"texture":"#4"},"west":{"uv":[6.5,10,8,10.5],"texture":"#4"},"up":{"uv":[8,9,6,7.5],"texture":"#4"},"down":{"uv":[10,0,8,1.5],"texture":"#4"}}},{"from":[7,7,3],"to":[9,8,13],"rotation":{"angle":0,"axis":"y","origin":[0,13,0]},"faces":{"north":{"uv":[10.5,5.5,11.5,6],"texture":"#4"},"east":{"uv":[8,1.5,13,2],"texture":"#4"},"south":{"uv":[10.5,6,11.5,6.5],"texture":"#4"},"west":{"uv":[8,2,13,2.5],"texture":"#4"},"up":{"uv":[5,10,4,5],"texture":"#4"},"down":{"uv":[6,5,5,10],"texture":"#4"}}},{"from":[7,10,7.5],"to":[9,13,8.5],"rotation":{"angle":0,"axis":"y","origin":[0,11,0]},"faces":{"north":{"uv":[9.5,7,10.5,8.5],"texture":"#4"},"east":{"uv":[3,10.5,3.5,12],"texture":"#4"},"south":{"uv":[10,0,11,1.5],"texture":"#4"},"west":{"uv":[3.5,10.5,4,12],"texture":"#4"},"up":{"uv":[7.5,11,6.5,10.5],"texture":"#4"},"down":{"uv":[11.5,6.5,10.5,7],"texture":"#4"}}},{"from":[5.75,0.25,1.75],"to":[5.75,16.25,17.75],"rotation":{"angle":45,"axis":"x","origin":[8,10,8]},"faces":{"north":{"uv":[0,0,0,8],"texture":"#1"},"east":{"uv":[0,0,16,16],"texture":"#1"},"south":{"uv":[0,0,0,8],"texture":"#1"},"west":{"uv":[0,0,16,16],"texture":"#1"},"up":{"uv":[0,8,0,0],"texture":"#1"},"down":{"uv":[0,0,0,8],"texture":"#1"}}},{"from":[10.25,0.25,1.75],"to":[10.25,16.25,17.75],"rotation":{"angle":45,"axis":"x","origin":[8,10,8]},"faces":{"north":{"uv":[0,0,0,8],"texture":"#3"},"east":{"uv":[0,0,16,16],"texture":"#3"},"south":{"uv":[0,0,0,8],"texture":"#3"},"west":{"uv":[16,0,0,16],"texture":"#3"},"up":{"uv":[0,8,0,0],"texture":"#3"},"down":{"uv":[0,0,0,8],"texture":"#3"}}}],"gui_light":"front","display":{"thirdperson_righthand":{"translation":[0,13.25,1.5]},"thirdperson_lefthand":{"translation":[0,13.25,1.5]},"firstperson_righthand":{"rotation":[12,4,0],"translation":[8.5,9.25,-3.75]},"firstperson_lefthand":{"rotation":[12,4,0],"translation":[8.5,9.25,-3.75]},"ground":{"rotation":[45,0,0],"translation":[0,4,1.75],"scale":[0.35,0.35,0.35]},"gui":{"rotation":[-90,135,90],"translation":[3,3,0],"scale":[0.6,0.6,0.6]},"fixed":{"rotation":[90,-45,90],"translation":[-4.25,4.25,-0.5],"scale":[0.7,0.7,0.7]}}}