{"parent":"minecraft:item/handheld","textures":{"layer0":"minecraft:item/diamond_sword"},"overrides":[{"predicate":{"custom_model_data":100},"model":"items:tools_weapons/inferno/sword"},{"predicate":{"custom_model_data":101},"model":"items:tools_weapons/rogue/sword"},{"predicate":{"custom_model_data":102},"model":"items:ia_auto_gen/rogue_sword"},{"predicate":{"custom_model_data":104},"model":"items:tools_weapons/angelic/angelic_sword"},{"predicate":{"custom_model_data":106},"model":"items:tools_weapons/bob/sword"},{"predicate":{"custom_model_data":107},"model":"item/diamond_sword"}]}