{"parent":"minecraft:item/handheld","textures":{"layer0":"minecraft:item/diamond_hoe"},"overrides":[{"predicate":{"custom_model_data":100},"model":"items:tools_weapons/inferno/scythe"},{"predicate":{"custom_model_data":101},"model":"items:tools_weapons/rogue/hoe"},{"predicate":{"custom_model_data":104},"model":"items:tools_weapons/angelic/angelic_hoe"},{"predicate":{"custom_model_data":106},"model":"items:tools_weapons/bob/hoe"},{"predicate":{"custom_model_data":107},"model":"item/diamond_hoe"}]}