{"parent":"minecraft:item/handheld","textures":{"layer0":"minecraft:item/diamond_shovel"},"overrides":[{"predicate":{"custom_model_data":100},"model":"items:tools_weapons/inferno/shovel"},{"predicate":{"custom_model_data":101},"model":"items:tools_weapons/rogue/shovel"},{"predicate":{"custom_model_data":104},"model":"items:tools_weapons/angelic/angelic_shovel"},{"predicate":{"custom_model_data":106},"model":"items:tools_weapons/bob/shovel"},{"predicate":{"custom_model_data":107},"model":"item/diamond_shovel"}]}