{"parent":"minecraft:item/handheld","textures":{"layer0":"minecraft:item/diamond_pickaxe"},"overrides":[{"predicate":{"custom_model_data":100},"model":"items:tools_weapons/inferno/pickaxe"},{"predicate":{"custom_model_data":101},"model":"items:tools_weapons/rogue/pickaxe"},{"predicate":{"custom_model_data":104},"model":"items:tools_weapons/angelic/angelic_pickaxe"},{"predicate":{"custom_model_data":106},"model":"items:tools_weapons/bob/pickaxe"},{"predicate":{"custom_model_data":107},"model":"item/diamond_pickaxe"}]}