{"parent":"item/handheld_rod","textures":{"layer0":"item/fishing_rod"},"overrides":[{"predicate":{"cast":1},"model":"item/fishing_rod_cast"},{"predicate":{"custom_model_data":50},"model":"items:tools_weapons/rogue/fishing_rod"},{"predicate":{"cast":1,"custom_model_data":50},"model":"items:tools_weapons/rogue/fishing_rod_cast"},{"predicate":{"custom_model_data":100},"model":"items:tools_weapons/grappin/grappling_hook"},{"predicate":{"cast":1,"custom_model_data":100},"model":"items:tools_weapons/grappin/grappling_hook_cast"},{"predicate":{"custom_model_data":101},"model":"items:tools_weapons/grappin/grappling_hook"},{"predicate":{"cast":1,"custom_model_data":101},"model":"items:tools_weapons/grappin/grappling_hook_cast"},{"predicate":{"custom_model_data":104},"model":"items:tools_weapons/angelic/angelic_fishing_rod"},{"predicate":{"cast":1,"custom_model_data":104},"model":"items:tools_weapons/angelic/angelic_fishing_rod_cast"},{"predicate":{"custom_model_data":105},"model":"items:tools_weapons/rift/fishing_rod"},{"predicate":{"cast":1,"custom_model_data":105},"model":"items:tools_weapons/rift/fishing_rod_cast"},{"predicate":{"custom_model_data":106},"model":"item/fishing_rod"}]}