{"parent":"minecraft:item/generated","textures":{"layer0":"minecraft:item/lapis_lazuli"},"overrides":[{"predicate":{"custom_model_data":200},"model":"items:ia_auto_gen/rifty_strength_common"},{"predicate":{"custom_model_data":201},"model":"items:ia_auto_gen/rifty_strength_rare"},{"predicate":{"custom_model_data":202},"model":"items:ia_auto_gen/rifty_strength_mythic"},{"predicate":{"custom_model_data":203},"model":"items:ia_auto_gen/rifty_strength_legendary"},{"predicate":{"custom_model_data":204},"model":"items:ia_auto_gen/rifty_strength_transcendent"},{"predicate":{"custom_model_data":300},"model":"items:ia_auto_gen/rifty_speed_common"},{"predicate":{"custom_model_data":301},"model":"items:ia_auto_gen/rifty_speed_rare"},{"predicate":{"custom_model_data":302},"model":"items:ia_auto_gen/rifty_speed_mythic"},{"predicate":{"custom_model_data":303},"model":"items:ia_auto_gen/rifty_speed_legendary"},{"predicate":{"custom_model_data":304},"model":"items:ia_auto_gen/rifty_speed_transcendent"},{"predicate":{"custom_model_data":400},"model":"items:ia_auto_gen/rifty_job_exp_common"},{"predicate":{"custom_model_data":401},"model":"items:ia_auto_gen/rifty_job_exp_rare"},{"predicate":{"custom_model_data":402},"model":"items:ia_auto_gen/rifty_job_exp_mythic"},{"predicate":{"custom_model_data":403},"model":"items:ia_auto_gen/rifty_job_exp_legendary"},{"predicate":{"custom_model_data":404},"model":"items:ia_auto_gen/rifty_job_exp_transcendent"},{"predicate":{"custom_model_data":500},"model":"items:ia_auto_gen/rifty_job_money_common"},{"predicate":{"custom_model_data":501},"model":"items:ia_auto_gen/rifty_job_money_rare"},{"predicate":{"custom_model_data":502},"model":"items:ia_auto_gen/rifty_job_money_mythic"},{"predicate":{"custom_model_data":503},"model":"items:ia_auto_gen/rifty_job_money_legendary"},{"predicate":{"custom_model_data":504},"model":"items:ia_auto_gen/rifty_job_money_transcendent"},{"predicate":{"custom_model_data":600},"model":"items:ia_auto_gen/rifty_saturation_common"},{"predicate":{"custom_model_data":601},"model":"items:ia_auto_gen/rifty_saturation_rare"},{"predicate":{"custom_model_data":602},"model":"items:ia_auto_gen/rifty_saturation_mythic"},{"predicate":{"custom_model_data":603},"model":"items:ia_auto_gen/rifty_saturation_legendary"},{"predicate":{"custom_model_data":604},"model":"items:ia_auto_gen/rifty_saturation_transcendent"},{"predicate":{"custom_model_data":700},"model":"items:ia_auto_gen/rifty_fall_damage_common"},{"predicate":{"custom_model_data":701},"model":"items:ia_auto_gen/rifty_fall_damage_rare"},{"predicate":{"custom_model_data":702},"model":"items:ia_auto_gen/rifty_fall_damage_mythic"},{"predicate":{"custom_model_data":703},"model":"items:ia_auto_gen/rifty_fall_damage_legendary"},{"predicate":{"custom_model_data":704},"model":"items:ia_auto_gen/rifty_fall_damage_transcendent"},{"predicate":{"custom_model_data":800},"model":"items:ia_auto_gen/rifty_attack_speed_common"},{"predicate":{"custom_model_data":801},"model":"items:ia_auto_gen/rifty_attack_speed_rare"},{"predicate":{"custom_model_data":802},"model":"items:ia_auto_gen/rifty_attack_speed_mythic"},{"predicate":{"custom_model_data":803},"model":"items:ia_auto_gen/rifty_attack_speed_legendary"},{"predicate":{"custom_model_data":804},"model":"items:ia_auto_gen/rifty_attack_speed_transcendent"},{"predicate":{"custom_model_data":900},"model":"items:ia_auto_gen/rifty_exp_common"},{"predicate":{"custom_model_data":901},"model":"items:ia_auto_gen/rifty_exp_rare"},{"predicate":{"custom_model_data":902},"model":"items:ia_auto_gen/rifty_exp_mythic"},{"predicate":{"custom_model_data":903},"model":"items:ia_auto_gen/rifty_exp_legendary"},{"predicate":{"custom_model_data":904},"model":"items:ia_auto_gen/rifty_exp_transcendent"},{"predicate":{"custom_model_data":1000},"model":"items:ia_auto_gen/rifty_other_common"},{"predicate":{"custom_model_data":1001},"model":"items:ia_auto_gen/rifty_other_rare"},{"predicate":{"custom_model_data":1002},"model":"items:ia_auto_gen/rifty_other_mythic"},{"predicate":{"custom_model_data":1003},"model":"items:ia_auto_gen/rifty_other_legendary"},{"predicate":{"custom_model_data":1004},"model":"items:ia_auto_gen/rifty_other_transcendent"},{"predicate":{"custom_model_data":1005},"model":"item/lapis_lazuli"}]}