{"parent":"item/generated","textures":{"layer0":"item/leather_helmet","layer1":"item/leather_helmet_overlay"},"overrides":[{"predicate":{"custom_model_data":50},"model":"items:ia_auto_gen/titansteel_helmet"},{"predicate":{"custom_model_data":100},"model":"items:ia_auto_gen/ultragold_helmet"},{"predicate":{"custom_model_data":101},"model":"items:ia_auto_gen/leviathanhelmet"},{"predicate":{"custom_model_data":120},"model":"items:ia_auto_gen/angelic_helmet"},{"predicate":{"custom_model_data":121},"model":"item/leather_helmet"}]}