{"parent":"item/generated","textures":{"layer0":"item/leather_chestplate","layer1":"item/leather_chestplate_overlay"},"overrides":[{"predicate":{"custom_model_data":50},"model":"items:ia_auto_gen/titansteel_chestplate"},{"predicate":{"custom_model_data":100},"model":"items:ia_auto_gen/ultragold_chestplate"},{"predicate":{"custom_model_data":101},"model":"items:ia_auto_gen/leviathanchestplate"},{"predicate":{"custom_model_data":120},"model":"items:ia_auto_gen/angelic_chestplate"},{"predicate":{"custom_model_data":121},"model":"item/leather_chestplate"}]}