{"parent":"item/generated","textures":{"layer0":"item/leather_leggings","layer1":"item/leather_leggings_overlay"},"overrides":[{"predicate":{"custom_model_data":50},"model":"items:ia_auto_gen/titansteel_leggings"},{"predicate":{"custom_model_data":100},"model":"items:ia_auto_gen/ultragold_leggings"},{"predicate":{"custom_model_data":101},"model":"items:ia_auto_gen/leviathanleggings"},{"predicate":{"custom_model_data":120},"model":"items:ia_auto_gen/angelic_leggings"},{"predicate":{"custom_model_data":121},"model":"item/leather_leggings"}]}