{"parent":"item/generated","textures":{"layer0":"item/leather_boots","layer1":"item/leather_boots_overlay"},"overrides":[{"predicate":{"custom_model_data":50},"model":"items:ia_auto_gen/titansteel_boots"},{"predicate":{"custom_model_data":100},"model":"items:ia_auto_gen/ultragold_boots"},{"predicate":{"custom_model_data":101},"model":"items:ia_auto_gen/leviathanboots"},{"predicate":{"custom_model_data":120},"model":"items:ia_auto_gen/angelic_boots"},{"predicate":{"custom_model_data":121},"model":"item/leather_boots"}]}