{"parent":"minecraft:item/handheld","textures":{"layer0":"minecraft:item/netherite_sword"},"overrides":[{"predicate":{"custom_model_data":103},"model":"items:tools_weapons/rift/dagger"},{"predicate":{"custom_model_data":99992},"model":"items:tools_weapons/rift/spear"},{"predicate":{"custom_model_data":99993},"model":"items:tools_weapons/rift/staff"},{"predicate":{"custom_model_data":99994},"model":"items:tools_weapons/rift/sword"},{"predicate":{"custom_model_data":99996},"model":"items:tools_weapons/rift/blade"},{"predicate":{"custom_model_data":99997},"model":"items:tools_weapons/rift/halberd"},{"predicate":{"custom_model_data":99998},"model":"item/netherite_sword"}]}