{"parent":"minecraft:item/generated","textures":{"layer0":"minecraft:item/raw_iron"},"overrides":[{"predicate":{"custom_model_data":10},"model":"items:ia_auto_gen/random_rifty_common"},{"predicate":{"custom_model_data":11},"model":"items:ia_auto_gen/random_rifty_rare"},{"predicate":{"custom_model_data":12},"model":"items:ia_auto_gen/random_rifty_mythic"},{"predicate":{"custom_model_data":13},"model":"items:ia_auto_gen/random_rifty_legendary"},{"predicate":{"custom_model_data":14},"model":"items:ia_auto_gen/random_rifty_transcendent"},{"predicate":{"custom_model_data":15},"model":"item/raw_iron"}]}