{"parent":"minecraft:item/handheld","textures":{"layer0":"minecraft:item/stick"},"overrides":[{"predicate":{"custom_model_data":100},"model":"items:tools_weapons/rogue/staff"},{"predicate":{"custom_model_data":101},"model":"items:ia_auto_gen/sellstick_marchand"},{"predicate":{"custom_model_data":102},"model":"items:tools_weapons/inferno/staff"},{"predicate":{"custom_model_data":104},"model":"items:tools_weapons/angelic/angelic_wand"},{"predicate":{"custom_model_data":105},"model":"item/stick"}]}