{"credit":"Made with Blockbench","textures":{"1":"items:tools_weapons/rift/texture","2":"items:tools_weapons/rift/lighting","3":"items:tools_weapons/rift/bluefire_x1","particle":"items:tools_weapons/rift/lighting"},"elements":[{"from":[7.568,10.09642,6.75502],"to":[8.432,12.49642,7.23502],"rotation":{"angle":-45,"axis":"x","origin":[8,11.3414,8]},"faces":{"north":{"uv":[6.375,3.1875,5.75,3],"rotation":270,"texture":"#1"},"east":{"uv":[6,0.625,6.625,0.5],"rotation":90,"texture":"#1"},"south":{"uv":[6.125,4.5,5.5,4.6875],"rotation":270,"texture":"#1"},"west":{"uv":[6.625,0.625,6,0.5],"rotation":270,"texture":"#1"},"up":{"uv":[6.75,3.375,6.9375,3.25],"texture":"#1"},"down":{"uv":[6.75,3.625,6.9375,3.5],"rotation":180,"texture":"#1"}}},{"from":[7.728,9.53207,6.40778],"to":[8.272,11.93207,7.20778],"rotation":{"angle":-22.5,"axis":"x","origin":[8,11.3414,8]},"faces":{"north":{"uv":[6,1.625,6.125,1],"rotation":180,"texture":"#1"},"east":{"uv":[3.25,6.375,3.4375,5.75],"rotation":180,"texture":"#1"},"south":{"uv":[6,2.375,6.125,1.75],"rotation":180,"texture":"#1"},"west":{"uv":[3.4375,6.375,3.25,5.75],"rotation":180,"texture":"#1"},"up":{"uv":[6.9375,3.75,6.75,3.875],"rotation":270,"texture":"#1"},"down":{"uv":[4.1875,6.875,4,6.75],"rotation":90,"texture":"#1"}}},{"from":[7.728,9.53207,8.79222],"to":[8.272,11.93207,9.59222],"rotation":{"angle":22.5,"axis":"x","origin":[8,11.3414,8]},"faces":{"north":{"uv":[6.125,2.375,6,1.75],"rotation":180,"texture":"#1"},"east":{"uv":[3.4375,6.375,3.25,5.75],"rotation":180,"texture":"#1"},"south":{"uv":[6.125,1.625,6,1],"rotation":180,"texture":"#1"},"west":{"uv":[3.25,6.375,3.4375,5.75],"rotation":180,"texture":"#1"},"up":{"uv":[6.75,3.75,6.9375,3.875],"rotation":270,"texture":"#1"},"down":{"uv":[4,6.875,4.1875,6.75],"rotation":90,"texture":"#1"}}},{"from":[7.568,10.09642,6.75502],"to":[8.432,10.57642,9.15502],"rotation":{"angle":-45,"axis":"x","origin":[8,11.3414,8]},"faces":{"north":{"uv":[6.75,3.5,6.9375,3.625],"texture":"#1"},"east":{"uv":[6,0.5,6.625,0.625],"texture":"#1"},"south":{"uv":[6.75,3.25,6.9375,3.375],"texture":"#1"},"west":{"uv":[6.625,0.5,6,0.625],"texture":"#1"},"up":{"uv":[6.125,4.6875,5.5,4.5],"rotation":90,"texture":"#1"},"down":{"uv":[6.375,3,5.75,3.1875],"rotation":270,"texture":"#1"}}},{"from":[7.5456,10.75525,10.25998],"to":[8.4544,11.29925,10.80398],"rotation":{"angle":45,"axis":"x","origin":[8,16.29677,8]},"faces":{"north":{"uv":[7,0.75,6.75,0.875],"texture":"#1"},"east":{"uv":[6.875,5,6.75,5.125],"texture":"#1"},"south":{"uv":[7,1,6.75,1.125],"texture":"#1"},"west":{"uv":[5.375,6.75,5.25,6.875],"texture":"#1"},"up":{"uv":[1.25,7,1.375,6.75],"rotation":90,"texture":"#1"},"down":{"uv":[6.75,1.25,6.875,1.5],"rotation":270,"texture":"#1"}}},{"from":[7.552,8.38028,5.68093],"to":[8.448,10.78028,6.44893],"rotation":{"angle":0,"axis":"y","origin":[8,16.29677,8]},"faces":{"north":{"uv":[5.75,3.75,5.5,4.375],"texture":"#1"},"east":{"uv":[4.1875,5.75,4,6.375],"texture":"#1"},"south":{"uv":[5.75,5.25,5.5,5.875],"texture":"#1"},"west":{"uv":[4,5.75,4.1875,6.375],"texture":"#1"},"up":{"uv":[2.25,6.75,2.4375,6.5],"rotation":90,"texture":"#1"},"down":{"uv":[6.5,2.25,6.6875,2.5],"rotation":270,"texture":"#1"}}},{"from":[7.52,8.67588,9.10667],"to":[8.48,9.57188,10.22667],"rotation":{"angle":22.5,"axis":"x","origin":[8,16.29677,8]},"faces":{"north":{"uv":[6.25,5.25,6,5.5],"texture":"#1"},"east":{"uv":[6.25,5,6,5.25],"texture":"#1"},"south":{"uv":[6.25,5.5,6,5.75],"texture":"#1"},"west":{"uv":[6,5,6.25,5.25],"texture":"#1"},"up":{"uv":[6,6,6.25,5.75],"rotation":90,"texture":"#1"},"down":{"uv":[6,6,6.25,6.25],"rotation":270,"texture":"#1"}}},{"from":[7.584,8.32219,11.86103],"to":[8.416,9.60219,12.50103],"rotation":{"angle":45,"axis":"x","origin":[8,16.29677,8]},"faces":{"north":{"uv":[6.4375,4.25,6.25,4.5625],"texture":"#1"},"east":{"uv":[6.4375,3.75,6.25,4.0625],"texture":"#1"},"south":{"uv":[4.9375,6.25,4.75,6.5625],"texture":"#1"},"west":{"uv":[6.25,3.75,6.4375,4.0625],"texture":"#1"},"up":{"uv":[6.5,4.4375,6.6875,4.25],"rotation":90,"texture":"#1"},"down":{"uv":[6.5,4.5,6.6875,4.6875],"rotation":270,"texture":"#1"}}},{"from":[7.616,8.3979,2.11001],"to":[8.384,9.6779,2.75001],"rotation":{"angle":-22.5,"axis":"x","origin":[8,16.29677,8]},"faces":{"north":{"uv":[6.4375,2,6.25,2.3125],"texture":"#1"},"east":{"uv":[6.4375,1.5,6.25,1.8125],"texture":"#1"},"south":{"uv":[6.4375,3.25,6.25,3.5625],"texture":"#1"},"west":{"uv":[6.25,1.5,6.4375,1.8125],"texture":"#1"},"up":{"uv":[6.5,4.1875,6.6875,4],"rotation":90,"texture":"#1"},"down":{"uv":[4.25,6.5,4.4375,6.6875],"rotation":270,"texture":"#1"}}},{"from":[7.6096,6.53832,9.41224],"to":[8.3904,6.99912,9.87304],"rotation":{"angle":22.5,"axis":"x","origin":[8,16.29677,8]},"faces":{"north":{"uv":[6.9375,4,6.75,4.125],"texture":"#1"},"east":{"uv":[6.875,5.25,6.75,5.375],"texture":"#1"},"south":{"uv":[4.4375,6.75,4.25,6.875],"texture":"#1"},"west":{"uv":[5.625,6.75,5.5,6.875],"texture":"#1"},"up":{"uv":[6.75,4.4375,6.875,4.25],"rotation":90,"texture":"#1"},"down":{"uv":[4.5,6.75,4.625,6.9375],"rotation":270,"texture":"#1"}}},{"from":[7.5456,9.51074,10.14684],"to":[8.4544,10.05474,10.69084],"rotation":{"angle":45,"axis":"x","origin":[8,16.29677,8]},"faces":{"north":{"uv":[1.75,6.75,1.5,6.875],"texture":"#1"},"east":{"uv":[6.875,5.75,6.75,5.875],"texture":"#1"},"south":{"uv":[2,6.75,1.75,6.875],"texture":"#1"},"west":{"uv":[6.125,6.75,6,6.875],"texture":"#1"},"up":{"uv":[6.75,2,6.875,1.75],"rotation":90,"texture":"#1"},"down":{"uv":[2,6.75,2.125,7],"rotation":270,"texture":"#1"}}},{"from":[7.552,8.70028,4.72093],"to":[8.448,9.98028,5.48893],"rotation":{"angle":0,"axis":"y","origin":[8,16.29677,8]},"faces":{"north":{"uv":[2.25,6,2,6.3125],"texture":"#1"},"east":{"uv":[0.6875,6.5,0.5,6.8125],"texture":"#1"},"south":{"uv":[2.5,6,2.25,6.3125],"texture":"#1"},"west":{"uv":[0.5,6.5,0.6875,6.8125],"texture":"#1"},"up":{"uv":[6.5,3.5,6.6875,3.25],"rotation":90,"texture":"#1"},"down":{"uv":[6.5,3.5,6.6875,3.75],"rotation":270,"texture":"#1"}}},{"from":[7.5456,8.60658,11.05288],"to":[8.4544,9.15058,11.59688],"rotation":{"angle":45,"axis":"x","origin":[8,16.29677,8]},"faces":{"north":{"uv":[7,2.5,6.75,2.625],"texture":"#1"},"east":{"uv":[6.875,6.25,6.75,6.375],"texture":"#1"},"south":{"uv":[3,6.75,2.75,6.875],"texture":"#1"},"west":{"uv":[6.625,6.75,6.5,6.875],"texture":"#1"},"up":{"uv":[6.75,3,6.875,2.75],"rotation":90,"texture":"#1"},"down":{"uv":[3,6.75,3.125,7],"rotation":270,"texture":"#1"}}},{"from":[7.52,8.67588,5.77333],"to":[8.48,9.57188,6.89333],"rotation":{"angle":-22.5,"axis":"x","origin":[8,16.29677,8]},"faces":{"north":{"uv":[6,5.5,6.25,5.75],"texture":"#1"},"east":{"uv":[6,5,6.25,5.25],"texture":"#1"},"south":{"uv":[6,5.25,6.25,5.5],"texture":"#1"},"west":{"uv":[6.25,5,6,5.25],"texture":"#1"},"up":{"uv":[6.25,6,6,5.75],"rotation":90,"texture":"#1"},"down":{"uv":[6.25,6,6,6.25],"rotation":270,"texture":"#1"}}},{"from":[7.552,8.38028,9.55107],"to":[8.448,10.78028,10.31907],"rotation":{"angle":0,"axis":"y","origin":[8,16.29677,8]},"faces":{"north":{"uv":[5.5,5.25,5.75,5.875],"texture":"#1"},"east":{"uv":[4,5.75,4.1875,6.375],"texture":"#1"},"south":{"uv":[5.5,3.75,5.75,4.375],"texture":"#1"},"west":{"uv":[4.1875,5.75,4,6.375],"texture":"#1"},"up":{"uv":[2.4375,6.75,2.25,6.5],"rotation":90,"texture":"#1"},"down":{"uv":[6.6875,2.25,6.5,2.5],"rotation":270,"texture":"#1"}}},{"from":[7.5456,10.75525,5.19602],"to":[8.4544,11.29925,5.74002],"rotation":{"angle":-45,"axis":"x","origin":[8,16.29677,8]},"faces":{"north":{"uv":[6.75,1,7,1.125],"texture":"#1"},"east":{"uv":[6.75,5,6.875,5.125],"texture":"#1"},"south":{"uv":[6.75,0.75,7,0.875],"texture":"#1"},"west":{"uv":[5.25,6.75,5.375,6.875],"texture":"#1"},"up":{"uv":[1.375,7,1.25,6.75],"rotation":90,"texture":"#1"},"down":{"uv":[6.875,1.25,6.75,1.5],"rotation":270,"texture":"#1"}}},{"from":[7.584,8.32219,3.49897],"to":[8.416,9.60219,4.13897],"rotation":{"angle":-45,"axis":"x","origin":[8,16.29677,8]},"faces":{"north":{"uv":[4.75,6.25,4.9375,6.5625],"texture":"#1"},"east":{"uv":[6.25,3.75,6.4375,4.0625],"texture":"#1"},"south":{"uv":[6.25,4.25,6.4375,4.5625],"texture":"#1"},"west":{"uv":[6.4375,3.75,6.25,4.0625],"texture":"#1"},"up":{"uv":[6.6875,4.4375,6.5,4.25],"rotation":90,"texture":"#1"},"down":{"uv":[6.6875,4.5,6.5,4.6875],"rotation":270,"texture":"#1"}}},{"from":[7.616,8.3979,13.24999],"to":[8.384,9.6779,13.88999],"rotation":{"angle":22.5,"axis":"x","origin":[8,16.29677,8]},"faces":{"north":{"uv":[6.25,3.25,6.4375,3.5625],"texture":"#1"},"east":{"uv":[6.25,1.5,6.4375,1.8125],"texture":"#1"},"south":{"uv":[6.25,2,6.4375,2.3125],"texture":"#1"},"west":{"uv":[6.4375,1.5,6.25,1.8125],"texture":"#1"},"up":{"uv":[6.6875,4.1875,6.5,4],"rotation":90,"texture":"#1"},"down":{"uv":[4.4375,6.5,4.25,6.6875],"rotation":270,"texture":"#1"}}},{"from":[7.6096,6.53832,6.12696],"to":[8.3904,6.99912,6.58776],"rotation":{"angle":-22.5,"axis":"x","origin":[8,16.29677,8]},"faces":{"north":{"uv":[4.25,6.75,4.4375,6.875],"texture":"#1"},"east":{"uv":[6.75,5.25,6.875,5.375],"texture":"#1"},"south":{"uv":[6.75,4,6.9375,4.125],"texture":"#1"},"west":{"uv":[5.5,6.75,5.625,6.875],"texture":"#1"},"up":{"uv":[6.875,4.4375,6.75,4.25],"rotation":90,"texture":"#1"},"down":{"uv":[4.625,6.75,4.5,6.9375],"rotation":270,"texture":"#1"}}},{"from":[7.5456,8.60658,4.40312],"to":[8.4544,9.15058,4.94712],"rotation":{"angle":-45,"axis":"x","origin":[8,16.29677,8]},"faces":{"north":{"uv":[2.75,6.75,3,6.875],"texture":"#1"},"east":{"uv":[6.75,6.25,6.875,6.375],"texture":"#1"},"south":{"uv":[6.75,2.5,7,2.625],"texture":"#1"},"west":{"uv":[6.5,6.75,6.625,6.875],"texture":"#1"},"up":{"uv":[6.875,3,6.75,2.75],"rotation":90,"texture":"#1"},"down":{"uv":[3.125,6.75,3,7],"rotation":270,"texture":"#1"}}},{"from":[7.552,8.70028,10.51107],"to":[8.448,9.98028,11.27907],"rotation":{"angle":0,"axis":"y","origin":[8,16.29677,8]},"faces":{"north":{"uv":[2.25,6,2.5,6.3125],"texture":"#1"},"east":{"uv":[0.5,6.5,0.6875,6.8125],"texture":"#1"},"south":{"uv":[2,6,2.25,6.3125],"texture":"#1"},"west":{"uv":[0.6875,6.5,0.5,6.8125],"texture":"#1"},"up":{"uv":[6.6875,3.5,6.5,3.25],"rotation":90,"texture":"#1"},"down":{"uv":[6.6875,3.5,6.5,3.75],"rotation":270,"texture":"#1"}}},{"from":[7.5456,9.51074,5.30916],"to":[8.4544,10.05474,5.85316],"rotation":{"angle":-45,"axis":"x","origin":[8,16.29677,8]},"faces":{"north":{"uv":[1.75,6.75,2,6.875],"texture":"#1"},"east":{"uv":[6.75,5.75,6.875,5.875],"texture":"#1"},"south":{"uv":[1.5,6.75,1.75,6.875],"texture":"#1"},"west":{"uv":[6,6.75,6.125,6.875],"texture":"#1"},"up":{"uv":[6.875,2,6.75,1.75],"rotation":90,"texture":"#1"},"down":{"uv":[2.125,6.75,2,7],"rotation":270,"texture":"#1"}}},{"from":[7.95,5.98141,1.42],"to":[8.05,12.60367,6.58],"rotation":{"angle":0,"axis":"x","origin":[8,9.54254,3.75]},"faces":{"east":{"uv":[3.6875,2.875,2.625,4.25],"texture":"#1"},"west":{"uv":[2.625,2.875,3.6875,4.25],"texture":"#1"}}},{"from":[7.95,9.21254,8.18887],"to":[8.05,13.37254,13.81113],"rotation":{"angle":45,"axis":"x","origin":[7.95,11.29254,11]},"faces":{"east":{"uv":[4.5625,1.375,3.5,0],"rotation":270,"texture":"#1"},"west":{"uv":[3.5,1.375,4.5625,0],"rotation":90,"texture":"#1"},"down":{"uv":[0,1.375,0,0],"texture":"#1"}}},{"from":[8,5.21254,9.18887],"to":[8,9.37254,14.81113],"rotation":{"angle":45,"axis":"x","origin":[8,7.29254,12]},"faces":{"north":{"uv":[0,0,1.0625,0],"rotation":90,"texture":"#1"},"east":{"uv":[4.5625,1.375,3.5,0],"rotation":270,"texture":"#1"},"south":{"uv":[0,0,1.0625,0],"rotation":90,"texture":"#1"},"west":{"uv":[3.5,1.375,4.5625,0],"rotation":90,"texture":"#1"},"up":{"uv":[0,1.375,0,0],"rotation":180,"texture":"#1"},"down":{"uv":[0,1.375,0,0],"texture":"#1"}}},{"from":[7.18,10.09882,1.80205],"to":[8.82,12.49882,4.20205],"rotation":{"angle":-45,"axis":"x","origin":[8,16.29677,8]},"faces":{"north":{"uv":[4.75,3,5.125,3.625],"texture":"#1"},"east":{"uv":[4.75,0.75,5.375,1.375],"texture":"#1"},"south":{"uv":[2.75,4.75,3.125,5.375],"texture":"#1"},"west":{"uv":[5.375,0.75,4.75,1.375],"texture":"#1"},"up":{"uv":[5.375,4.125,4.75,3.75],"rotation":90,"texture":"#1"},"down":{"uv":[5.375,4.25,4.75,4.625],"rotation":270,"texture":"#1"}}},{"from":[7.44,7.5366,7.44],"to":[8.56,8.1766,8.56],"rotation":{"angle":45,"axis":"y","origin":[8,16.29677,8]},"faces":{"north":{"uv":[6.5,2,6.75,2.1875],"texture":"#1"},"east":{"uv":[1.75,6.5,2,6.6875],"texture":"#1"},"south":{"uv":[6.5,1.75,6.75,1.9375],"texture":"#1"},"west":{"uv":[2,6.5,2.25,6.6875],"texture":"#1"},"up":{"uv":[6.25,3.75,6,3.5],"rotation":90,"texture":"#1"},"down":{"uv":[6.25,3.75,6,4],"rotation":270,"texture":"#1"}}},{"from":[7.44,6.8966,7.44],"to":[8.56,7.3766,8.56],"rotation":{"angle":45,"axis":"y","origin":[8,16.29677,8]},"faces":{"north":{"uv":[6.75,0.5,7,0.625],"texture":"#1"},"east":{"uv":[6.5,6.5,6.75,6.625],"texture":"#1"},"south":{"uv":[6.75,0,7,0.125],"texture":"#1"},"west":{"uv":[6.75,0.25,7,0.375],"texture":"#1"},"up":{"uv":[6.25,4.25,6,4],"rotation":90,"texture":"#1"},"down":{"uv":[6.25,4.25,6,4.5],"rotation":270,"texture":"#1"}}},{"from":[7.44,4.3966,7.44],"to":[8.56,4.8766,8.56],"rotation":{"angle":45,"axis":"y","origin":[8,13.79677,8]},"faces":{"north":{"uv":[6.75,0.5,7,0.625],"texture":"#1"},"east":{"uv":[6.5,6.5,6.75,6.625],"texture":"#1"},"south":{"uv":[6.75,0,7,0.125],"texture":"#1"},"west":{"uv":[6.75,0.25,7,0.375],"texture":"#1"},"up":{"uv":[6.25,4.25,6,4],"rotation":90,"texture":"#1"},"down":{"uv":[6.25,4.25,6,4.5],"rotation":270,"texture":"#1"}}},{"from":[7.44,0.1234,7.44],"to":[8.56,0.6034,8.56],"rotation":{"angle":45,"axis":"y","origin":[8,11.29677,8]},"faces":{"north":{"uv":[6.75,0.625,7,0.5],"texture":"#1"},"east":{"uv":[6.5,6.625,6.75,6.5],"texture":"#1"},"south":{"uv":[6.75,0.125,7,0],"texture":"#1"},"west":{"uv":[6.75,0.375,7,0.25],"texture":"#1"},"up":{"uv":[6.25,4.5,6,4.25],"rotation":90,"texture":"#1"},"down":{"uv":[6.25,4,6,4.25],"rotation":270,"texture":"#1"}}},{"from":[7.44,-0.6766,7.44],"to":[8.56,-0.0366,8.56],"rotation":{"angle":45,"axis":"y","origin":[8,11.29677,8]},"faces":{"north":{"uv":[6.5,2.1875,6.75,2],"texture":"#1"},"east":{"uv":[1.75,6.6875,2,6.5],"texture":"#1"},"south":{"uv":[6.5,1.9375,6.75,1.75],"texture":"#1"},"west":{"uv":[2,6.6875,2.25,6.5],"texture":"#1"},"up":{"uv":[6.25,4,6,3.75],"rotation":90,"texture":"#1"},"down":{"uv":[6.25,3.5,6,3.75],"rotation":270,"texture":"#1"}}},{"from":[7.18,1.36003,-1.93674],"to":[8.82,3.12003,-0.17674],"rotation":{"angle":-45,"axis":"x","origin":[8,11.29677,8]},"faces":{"north":{"uv":[5.5,1.25,5.875,1.6875],"texture":"#1"},"east":{"uv":[4,5.25,4.4375,5.6875],"texture":"#1"},"south":{"uv":[5.5,0.75,5.875,1.1875],"texture":"#1"},"west":{"uv":[4.4375,5.25,4,5.6875],"texture":"#1"},"up":{"uv":[5.9375,2.125,5.5,1.75],"rotation":90,"texture":"#1"},"down":{"uv":[2.4375,5.5,2,5.875],"rotation":270,"texture":"#1"}}},{"from":[7.584,-2.29031,11.74629],"to":[8.416,-1.01031,12.38629],"rotation":{"angle":22.5,"axis":"x","origin":[8,11.29677,8]},"faces":{"north":{"uv":[6.4375,5.25,6.25,5.5625],"texture":"#1"},"east":{"uv":[6.4375,4.75,6.25,5.0625],"texture":"#1"},"south":{"uv":[6.4375,5.75,6.25,6.0625],"texture":"#1"},"west":{"uv":[6.25,4.75,6.4375,5.0625],"texture":"#1"},"up":{"uv":[6.5,4.9375,6.6875,4.75],"rotation":90,"texture":"#1"},"down":{"uv":[5,6.5,5.1875,6.6875],"rotation":270,"texture":"#1"}}},{"from":[7.616,-2.23978,1.04152],"to":[8.384,-0.95978,1.68152],"rotation":{"angle":-22.5,"axis":"x","origin":[8,11.29677,8]},"faces":{"north":{"uv":[6.4375,6.25,6.25,6.5625],"texture":"#1"},"east":{"uv":[6.1875,6.25,6,6.5625],"texture":"#1"},"south":{"uv":[0.4375,6.5,0.25,6.8125],"texture":"#1"},"west":{"uv":[6,6.25,6.1875,6.5625],"texture":"#1"},"up":{"uv":[6.5,5.1875,6.6875,5],"rotation":90,"texture":"#1"},"down":{"uv":[5.25,6.5,5.4375,6.6875],"rotation":270,"texture":"#1"}}},{"from":[7.6096,-3.20366,12.64314],"to":[8.3904,-2.74286,13.10394],"rotation":{"angle":22.5,"axis":"x","origin":[8,11.29677,8]},"faces":{"north":{"uv":[6.9375,4.5,6.75,4.625],"texture":"#1"},"east":{"uv":[6.875,5.5,6.75,5.625],"texture":"#1"},"south":{"uv":[4.9375,6.75,4.75,6.875],"texture":"#1"},"west":{"uv":[5.875,6.75,5.75,6.875],"texture":"#1"},"up":{"uv":[6.75,4.9375,6.875,4.75],"rotation":90,"texture":"#1"},"down":{"uv":[5,6.75,5.125,6.9375],"rotation":270,"texture":"#1"}}},{"from":[7.6096,-3.20366,2.89606],"to":[8.3904,-2.74286,3.35686],"rotation":{"angle":-22.5,"axis":"x","origin":[8,11.29677,8]},"faces":{"north":{"uv":[4.75,6.75,4.9375,6.875],"texture":"#1"},"east":{"uv":[6.75,5.5,6.875,5.625],"texture":"#1"},"south":{"uv":[6.75,4.5,6.9375,4.625],"texture":"#1"},"west":{"uv":[5.75,6.75,5.875,6.875],"texture":"#1"},"up":{"uv":[6.875,4.9375,6.75,4.75],"rotation":90,"texture":"#1"},"down":{"uv":[5.125,6.75,5,6.9375],"rotation":270,"texture":"#1"}}},{"from":[7.616,-2.23978,14.31848],"to":[8.384,-0.95978,14.95848],"rotation":{"angle":22.5,"axis":"x","origin":[8,11.29677,8]},"faces":{"north":{"uv":[0.25,6.5,0.4375,6.8125],"texture":"#1"},"east":{"uv":[6,6.25,6.1875,6.5625],"texture":"#1"},"south":{"uv":[6.25,6.25,6.4375,6.5625],"texture":"#1"},"west":{"uv":[6.1875,6.25,6,6.5625],"texture":"#1"},"up":{"uv":[6.6875,5.1875,6.5,5],"rotation":90,"texture":"#1"},"down":{"uv":[5.4375,6.5,5.25,6.6875],"rotation":270,"texture":"#1"}}},{"from":[7.584,-2.29031,3.61371],"to":[8.416,-1.01031,4.25371],"rotation":{"angle":-22.5,"axis":"x","origin":[8,11.29677,8]},"faces":{"north":{"uv":[6.25,5.75,6.4375,6.0625],"texture":"#1"},"east":{"uv":[6.25,4.75,6.4375,5.0625],"texture":"#1"},"south":{"uv":[6.25,5.25,6.4375,5.5625],"texture":"#1"},"west":{"uv":[6.4375,4.75,6.25,5.0625],"texture":"#1"},"up":{"uv":[6.6875,4.9375,6.5,4.75],"rotation":90,"texture":"#1"},"down":{"uv":[5.1875,6.5,5,6.6875],"rotation":270,"texture":"#1"}}},{"from":[7.664,0.16238,-3.13439],"to":[8.336,0.96238,-2.33439],"rotation":{"angle":-45,"axis":"x","origin":[8,11.29677,8]},"faces":{"north":{"uv":[6.5,5.75,6.6875,5.9375],"texture":"#1"},"east":{"uv":[6.5,5.25,6.6875,5.4375],"texture":"#1"},"south":{"uv":[6.5,5.5,6.6875,5.6875],"texture":"#1"},"west":{"uv":[5.75,6.5,5.9375,6.6875],"texture":"#1"},"up":{"uv":[6.6875,6.1875,6.5,6],"rotation":90,"texture":"#1"},"down":{"uv":[6.6875,6.25,6.5,6.4375],"rotation":270,"texture":"#1"}}},{"from":[7.6,-0.45017,-3.74693],"to":[8.4,0.66983,-2.62693],"rotation":{"angle":-45,"axis":"x","origin":[8,11.29677,8]},"faces":{"north":{"uv":[3,6.5,3.1875,6.75],"texture":"#1"},"east":{"uv":[6.25,1,6.5,1.25],"texture":"#1"},"south":{"uv":[2.75,6.5,2.9375,6.75],"texture":"#1"},"west":{"uv":[6.25,1.25,6.5,1.5],"texture":"#1"},"up":{"uv":[6.75,3.1875,6.5,3],"rotation":90,"texture":"#1"},"down":{"uv":[3.5,6.5,3.25,6.6875],"rotation":270,"texture":"#1"}}},{"from":[8,-6.16858,5.92],"to":[8,-0.54633,10.08],"rotation":{"angle":0,"axis":"y","origin":[8,11.29677,8]},"faces":{"north":{"uv":[0,0,0,1.375],"texture":"#1"},"east":{"uv":[3.5,1.5,4.5625,2.875],"texture":"#1"},"south":{"uv":[0,0,0,1.375],"texture":"#1"},"west":{"uv":[3.5,1.5,4.5625,2.875],"texture":"#1"},"up":{"uv":[1.0625,0,0,0],"rotation":90,"texture":"#1"},"down":{"uv":[1.0625,0,0,0],"rotation":270,"texture":"#1"}}},{"from":[7.6,-0.0234,7.57071],"to":[8.5,7.5366,8.47071],"rotation":{"angle":45,"axis":"y","origin":[8,11.29677,8.07071]},"faces":{"north":{"uv":[2.125,2.6875,2.3125,4.5625],"texture":"#1"},"east":{"uv":[2.3125,2.6875,2.125,4.5625],"texture":"#1"},"south":{"uv":[2.125,2.6875,2.3125,4.5625],"texture":"#1"},"west":{"uv":[2.3125,2.6875,2.125,4.5625],"texture":"#1"},"up":{"uv":[6.6875,3.9375,6.5,3.75],"rotation":90,"texture":"#1"},"down":{"uv":[4.1875,6.5,4,6.6875],"rotation":270,"texture":"#1"}}},{"from":[7.728,10.8601,7.52265],"to":[8.272,13.2601,9.92265],"rotation":{"angle":-45,"axis":"x","origin":[8,11.3414,8]},"faces":{"north":{"uv":[6,0.25,6.625,0.375],"rotation":90,"texture":"#1"},"east":{"uv":[2.625,4.75,2,5.375],"rotation":270,"texture":"#1"},"south":{"uv":[6,0.125,6.625,0],"rotation":90,"texture":"#1"},"west":{"uv":[2,4.75,2.625,5.375],"rotation":90,"texture":"#1"},"up":{"uv":[5.375,5.75,5.25,6.375],"rotation":180,"texture":"#1"},"down":{"uv":[5.875,5.75,5.75,6.375],"texture":"#1"}}},{"from":[7.44,-2.2914,7.22],"to":[8.56,-0.7314,8.78],"rotation":{"angle":0,"axis":"y","origin":[8,11.29677,8]},"faces":{"north":{"uv":[4.75,5.75,5,6.1875],"texture":"#1"},"east":{"uv":[4.75,4.75,5.1875,5.1875],"texture":"#1"},"south":{"uv":[4.5,5.75,4.75,6.1875],"texture":"#1"},"west":{"uv":[5.1875,4.75,4.75,5.1875],"texture":"#1"},"up":{"uv":[6.1875,3.5,5.75,3.25],"rotation":90,"texture":"#1"},"down":{"uv":[6.1875,4.75,5.75,5],"rotation":270,"texture":"#1"}}},{"from":[7.34,8.0286,6.8],"to":[8.66,10.4286,9.2],"rotation":{"angle":0,"axis":"y","origin":[8,16.29677,8]},"faces":{"north":{"uv":[2.5,5.5,2.75,6.125],"texture":"#1"},"east":{"uv":[4,4.5,4.625,5.125],"texture":"#1"},"south":{"uv":[5.5,2.25,5.75,2.875],"texture":"#1"},"west":{"uv":[4.625,4.5,4,5.125],"texture":"#1"},"up":{"uv":[5.875,3.75,5.25,3.5],"rotation":90,"texture":"#1"},"down":{"uv":[3.375,5.5,2.75,5.75],"rotation":270,"texture":"#1"}}},{"from":[7.776,7.90826,6.28073],"to":[8.224,10.69226,7.24073],"rotation":{"angle":22.5,"axis":"x","origin":[8,11.59677,7.15]},"faces":{"north":{"uv":[5.125,5.75,5,6.4375],"texture":"#1"},"east":{"uv":[3.5,4.75,3.25,5.4375],"texture":"#1"},"south":{"uv":[5.875,5,5.75,5.6875],"texture":"#1"},"west":{"uv":[3.25,4.75,3.5,5.4375],"texture":"#1"},"up":{"uv":[6.75,3.125,7,3],"rotation":90,"texture":"#1"},"down":{"uv":[3.25,6.75,3.5,6.875],"rotation":270,"texture":"#1"}}},{"from":[7.776,7.90826,8.75927],"to":[8.224,10.69226,9.71927],"rotation":{"angle":-22.5,"axis":"x","origin":[8,11.59677,8.85]},"faces":{"north":{"uv":[5.75,5,5.875,5.6875],"texture":"#1"},"east":{"uv":[3.25,4.75,3.5,5.4375],"texture":"#1"},"south":{"uv":[5,5.75,5.125,6.4375],"texture":"#1"},"west":{"uv":[3.5,4.75,3.25,5.4375],"texture":"#1"},"up":{"uv":[7,3.125,6.75,3],"rotation":90,"texture":"#1"},"down":{"uv":[3.5,6.75,3.25,6.875],"rotation":270,"texture":"#1"}}},{"from":[7.9,7.53142,0.6],"to":[8.1,15.53142,8.6],"rotation":{"angle":0,"axis":"x","origin":[8,11.23142,10.75]},"faces":{"east":{"uv":[16,16,0,0],"rotation":180,"texture":"#3"},"west":{"uv":[0,16,16,0],"rotation":180,"texture":"#3"}}},{"from":[7.95,-0.76858,-0.5],"to":[8.05,16.23142,15.5],"rotation":{"angle":0,"axis":"y","origin":[8,7.73142,7.5]},"faces":{"east":{"uv":[16,0,0,16],"texture":"#2"},"west":{"uv":[0,0,16,16],"texture":"#2"}}}],"gui_light":"front","display":{"thirdperson_righthand":{"translation":[0,5.75,1.5]},"thirdperson_lefthand":{"translation":[0,5.75,1.5]},"firstperson_righthand":{"rotation":[-11,0,0],"translation":[8,5,-5.75]},"firstperson_lefthand":{"rotation":[-11,0,0],"translation":[8,5,-5.75]},"ground":{"rotation":[0,0,-79],"translation":[2.75,0,0],"scale":[0.69,0.69,0.69]},"gui":{"rotation":[-90,45,90],"translation":[-1.5,1.5,0],"scale":[0.81,0.81,0.81]},"head":{"scale":[0.08,0.08,0.08]},"fixed":{"rotation":[0,-90,0],"translation":[0,6,-0.75],"scale":[1.49,1.49,1.49]}}}