{"credit":"Made with Blockbench","textures":{"1":"items:tools_weapons/rift/texture","2":"items:tools_weapons/rift/lighting","4":"items:tools_weapons/rift/bluefire_x1","particle":"items:tools_weapons/rift/lighting"},"elements":[{"from":[7.44,-2.8766,7.44],"to":[8.56,-2.3966,8.56],"rotation":{"angle":45,"axis":"y","origin":[8,8.29677,8]},"faces":{"north":{"uv":[6.75,0.625,7,0.5],"texture":"#1"},"east":{"uv":[6.5,6.625,6.75,6.5],"texture":"#1"},"south":{"uv":[6.75,0.125,7,0],"texture":"#1"},"west":{"uv":[6.75,0.375,7,0.25],"texture":"#1"},"up":{"uv":[6.25,4.5,6,4.25],"rotation":90,"texture":"#1"},"down":{"uv":[6.25,4,6,4.25],"rotation":270,"texture":"#1"}}},{"from":[7.44,-3.6766,7.44],"to":[8.56,-3.0366,8.56],"rotation":{"angle":45,"axis":"y","origin":[8,8.29677,8]},"faces":{"north":{"uv":[6.5,2.1875,6.75,2],"texture":"#1"},"east":{"uv":[1.75,6.6875,2,6.5],"texture":"#1"},"south":{"uv":[6.5,1.9375,6.75,1.75],"texture":"#1"},"west":{"uv":[2,6.6875,2.25,6.5],"texture":"#1"},"up":{"uv":[6.25,4,6,3.75],"rotation":90,"texture":"#1"},"down":{"uv":[6.25,3.5,6,3.75],"rotation":270,"texture":"#1"}}},{"from":[7.18,-1.63997,-1.93674],"to":[8.82,0.12003,-0.17674],"rotation":{"angle":-45,"axis":"x","origin":[8,8.29677,8]},"faces":{"north":{"uv":[5.5,1.25,5.875,1.6875],"texture":"#1"},"east":{"uv":[4,5.25,4.4375,5.6875],"texture":"#1"},"south":{"uv":[5.5,0.75,5.875,1.1875],"texture":"#1"},"west":{"uv":[4.4375,5.25,4,5.6875],"texture":"#1"},"up":{"uv":[5.9375,2.125,5.5,1.75],"rotation":90,"texture":"#1"},"down":{"uv":[2.4375,5.5,2,5.875],"rotation":270,"texture":"#1"}}},{"from":[7.584,-5.29031,11.74629],"to":[8.416,-4.01031,12.38629],"rotation":{"angle":22.5,"axis":"x","origin":[8,8.29677,8]},"faces":{"north":{"uv":[6.4375,5.25,6.25,5.5625],"texture":"#1"},"east":{"uv":[6.4375,4.75,6.25,5.0625],"texture":"#1"},"south":{"uv":[6.4375,5.75,6.25,6.0625],"texture":"#1"},"west":{"uv":[6.25,4.75,6.4375,5.0625],"texture":"#1"},"up":{"uv":[6.5,4.9375,6.6875,4.75],"rotation":90,"texture":"#1"},"down":{"uv":[5,6.5,5.1875,6.6875],"rotation":270,"texture":"#1"}}},{"from":[7.616,-5.23978,1.04152],"to":[8.384,-3.95978,1.68152],"rotation":{"angle":-22.5,"axis":"x","origin":[8,8.29677,8]},"faces":{"north":{"uv":[6.4375,6.25,6.25,6.5625],"texture":"#1"},"east":{"uv":[6.1875,6.25,6,6.5625],"texture":"#1"},"south":{"uv":[0.4375,6.5,0.25,6.8125],"texture":"#1"},"west":{"uv":[6,6.25,6.1875,6.5625],"texture":"#1"},"up":{"uv":[6.5,5.1875,6.6875,5],"rotation":90,"texture":"#1"},"down":{"uv":[5.25,6.5,5.4375,6.6875],"rotation":270,"texture":"#1"}}},{"from":[7.6096,-6.20366,12.64314],"to":[8.3904,-5.74286,13.10394],"rotation":{"angle":22.5,"axis":"x","origin":[8,8.29677,8]},"faces":{"north":{"uv":[6.9375,4.5,6.75,4.625],"texture":"#1"},"east":{"uv":[6.875,5.5,6.75,5.625],"texture":"#1"},"south":{"uv":[4.9375,6.75,4.75,6.875],"texture":"#1"},"west":{"uv":[5.875,6.75,5.75,6.875],"texture":"#1"},"up":{"uv":[6.75,4.9375,6.875,4.75],"rotation":90,"texture":"#1"},"down":{"uv":[5,6.75,5.125,6.9375],"rotation":270,"texture":"#1"}}},{"from":[7.834,12.71207,5.25552],"to":[8.166,13.99207,5.89552],"rotation":{"angle":0,"axis":"x","origin":[8,14.01354,5.17189]},"faces":{"north":{"uv":[6.4375,5.75,6.25,6.0625],"rotation":180,"texture":"#1"},"east":{"uv":[6.4375,4.75,6.25,5.0625],"rotation":180,"texture":"#1"},"south":{"uv":[6.4375,5.25,6.25,5.5625],"rotation":180,"texture":"#1"},"west":{"uv":[6.25,4.75,6.4375,5.0625],"rotation":180,"texture":"#1"},"up":{"uv":[5,6.5,5.1875,6.6875],"rotation":270,"texture":"#1"},"down":{"uv":[6.5,4.9375,6.6875,4.75],"rotation":90,"texture":"#1"}}},{"from":[7.866,13.87003,4.41875],"to":[8.134,14.51003,5.69875],"rotation":{"angle":45,"axis":"x","origin":[8,14.01354,5.17189]},"faces":{"north":{"uv":[5.25,6.5,5.4375,6.6875],"rotation":90,"texture":"#1"},"east":{"uv":[6.1875,6.25,6,6.5625],"rotation":270,"texture":"#1"},"south":{"uv":[6.5,5.1875,6.6875,5],"rotation":90,"texture":"#1"},"west":{"uv":[6,6.25,6.1875,6.5625],"rotation":90,"texture":"#1"},"up":{"uv":[6.4375,6.25,6.25,6.5625],"rotation":180,"texture":"#1"},"down":{"uv":[0.4375,6.5,0.25,6.8125],"texture":"#1"}}},{"from":[7.8596,14.44462,4.53787],"to":[8.1404,14.90542,4.99867],"rotation":{"angle":0,"axis":"x","origin":[8,14.01354,5.17189]},"faces":{"north":{"uv":[4.9375,6.75,4.75,6.875],"rotation":180,"texture":"#1"},"east":{"uv":[6.875,5.5,6.75,5.625],"rotation":180,"texture":"#1"},"south":{"uv":[6.9375,4.5,6.75,4.625],"rotation":180,"texture":"#1"},"west":{"uv":[5.875,6.75,5.75,6.875],"rotation":180,"texture":"#1"},"up":{"uv":[5,6.75,5.125,6.9375],"rotation":270,"texture":"#1"},"down":{"uv":[6.75,4.9375,6.875,4.75],"rotation":90,"texture":"#1"}}},{"from":[7.664,-2.83762,-3.13439],"to":[8.336,-2.03762,-2.33439],"rotation":{"angle":-45,"axis":"x","origin":[8,8.29677,8]},"faces":{"north":{"uv":[6.5,5.75,6.6875,5.9375],"texture":"#1"},"east":{"uv":[6.5,5.25,6.6875,5.4375],"texture":"#1"},"south":{"uv":[6.5,5.5,6.6875,5.6875],"texture":"#1"},"west":{"uv":[5.75,6.5,5.9375,6.6875],"texture":"#1"},"up":{"uv":[6.6875,6.1875,6.5,6],"rotation":90,"texture":"#1"},"down":{"uv":[6.6875,6.25,6.5,6.4375],"rotation":270,"texture":"#1"}}},{"from":[7.6,-3.45017,-3.74693],"to":[8.4,-2.33017,-2.62693],"rotation":{"angle":-45,"axis":"x","origin":[8,8.29677,8]},"faces":{"north":{"uv":[3,6.5,3.1875,6.75],"texture":"#1"},"east":{"uv":[6.25,1,6.5,1.25],"texture":"#1"},"south":{"uv":[2.75,6.5,2.9375,6.75],"texture":"#1"},"west":{"uv":[6.25,1.25,6.5,1.5],"texture":"#1"},"up":{"uv":[6.75,3.1875,6.5,3],"rotation":90,"texture":"#1"},"down":{"uv":[3.5,6.5,3.25,6.6875],"rotation":270,"texture":"#1"}}},{"from":[8,-9.16858,5.92],"to":[8,-3.54633,8.08],"rotation":{"angle":0,"axis":"y","origin":[8,8.29677,8]},"faces":{"north":{"uv":[0,0,0,1.375],"texture":"#1"},"east":{"uv":[3.5,1.5,4,2.875],"texture":"#1"},"south":{"uv":[0,0,0,1.375],"texture":"#1"},"west":{"uv":[3.5,1.5,4,2.875],"texture":"#1"},"up":{"uv":[1.0625,0,0,0],"rotation":90,"texture":"#1"},"down":{"uv":[1.0625,0,0,0],"rotation":270,"texture":"#1"}}},{"from":[7.44,-5.2914,7.22],"to":[8.56,-3.7314,8.78],"rotation":{"angle":0,"axis":"y","origin":[8,8.29677,8]},"faces":{"north":{"uv":[4.75,5.75,5,6.1875],"texture":"#1"},"east":{"uv":[4.75,4.75,5.1875,5.1875],"texture":"#1"},"south":{"uv":[4.5,5.75,4.75,6.1875],"texture":"#1"},"west":{"uv":[5.1875,4.75,4.75,5.1875],"texture":"#1"},"up":{"uv":[6.1875,3.5,5.75,3.25],"rotation":90,"texture":"#1"},"down":{"uv":[6.1875,4.75,5.75,5],"rotation":270,"texture":"#1"}}},{"from":[7.568,-1.63285,9.64804],"to":[8.432,-1.15285,12.04804],"rotation":{"angle":-45,"axis":"x","origin":[8,-2,4.90769]},"faces":{"north":{"uv":[6.75,3.5,6.9375,3.625],"texture":"#1"},"east":{"uv":[6,0.5,6.625,0.625],"texture":"#1"},"south":{"uv":[6.75,3.25,6.9375,3.375],"texture":"#1"},"west":{"uv":[6.625,0.5,6,0.625],"texture":"#1"},"up":{"uv":[6.125,4.6875,5.5,4.5],"rotation":90,"texture":"#1"},"down":{"uv":[6.375,3,5.75,3.1875],"rotation":270,"texture":"#1"}}},{"from":[7.728,2.33732,6.50097],"to":[8.272,4.73732,7.30097],"rotation":{"angle":22.5,"axis":"x","origin":[8,-2,4.90769]},"faces":{"north":{"uv":[6,1.75,6.125,2.375],"texture":"#1"},"east":{"uv":[3.25,5.75,3.4375,6.375],"texture":"#1"},"south":{"uv":[6,1,6.125,1.625],"texture":"#1"},"west":{"uv":[3.4375,5.75,3.25,6.375],"texture":"#1"},"up":{"uv":[6.9375,3.875,6.75,3.75],"rotation":90,"texture":"#1"},"down":{"uv":[4.1875,6.75,4,6.875],"rotation":270,"texture":"#1"}}},{"from":[7.728,-0.02943,8.22825],"to":[8.272,2.37057,9.02825],"rotation":{"angle":-22.5,"axis":"x","origin":[8,-2,4.90769]},"faces":{"north":{"uv":[6.125,1,6,1.625],"texture":"#1"},"east":{"uv":[3.4375,5.75,3.25,6.375],"texture":"#1"},"south":{"uv":[6.125,1.75,6,2.375],"texture":"#1"},"west":{"uv":[3.25,5.75,3.4375,6.375],"texture":"#1"},"up":{"uv":[6.75,3.875,6.9375,3.75],"rotation":90,"texture":"#1"},"down":{"uv":[4,6.75,4.1875,6.875],"rotation":270,"texture":"#1"}}},{"from":[7.568,2.74033,2.14053],"to":[8.432,3.22033,4.54053],"rotation":{"angle":45,"axis":"x","origin":[8,-2,4.90769]},"faces":{"north":{"uv":[6.9375,3.25,6.75,3.375],"texture":"#1"},"east":{"uv":[6.625,0.5,6,0.625],"texture":"#1"},"south":{"uv":[6.9375,3.5,6.75,3.625],"texture":"#1"},"west":{"uv":[6,0.5,6.625,0.625],"texture":"#1"},"up":{"uv":[5.5,4.6875,6.125,4.5],"rotation":90,"texture":"#1"},"down":{"uv":[5.75,3,6.375,3.1875],"rotation":270,"texture":"#1"}}},{"from":[7.5456,3.30944,6.9684],"to":[8.4544,3.85344,7.5124],"rotation":{"angle":22.5,"axis":"x","origin":[8,-2,4.90769]},"faces":{"north":{"uv":[7,0.75,6.75,0.875],"texture":"#1"},"east":{"uv":[6.875,5,6.75,5.125],"texture":"#1"},"south":{"uv":[7,1,6.75,1.125],"texture":"#1"},"west":{"uv":[5.375,6.75,5.25,6.875],"texture":"#1"},"up":{"uv":[1.25,7,1.375,6.75],"rotation":90,"texture":"#1"},"down":{"uv":[6.75,1.25,6.875,1.5],"rotation":270,"texture":"#1"}}},{"from":[7.552,-2.1028,10.1205],"to":[8.448,0.2972,10.8885],"rotation":{"angle":-22.5,"axis":"x","origin":[8,-2,4.90769]},"faces":{"north":{"uv":[5.75,3.75,5.5,4.375],"texture":"#1"},"east":{"uv":[4.1875,5.75,4,6.375],"texture":"#1"},"south":{"uv":[5.75,5.25,5.5,5.875],"texture":"#1"},"west":{"uv":[4,5.75,4.1875,6.375],"texture":"#1"},"up":{"uv":[2.25,6.75,2.4375,6.5],"rotation":90,"texture":"#1"},"down":{"uv":[6.5,2.25,6.6875,2.5],"rotation":270,"texture":"#1"}}},{"from":[7.52,-1.75323,9.287],"to":[8.48,-0.85723,10.407],"rotation":{"angle":-22.5,"axis":"x","origin":[8,-2,4.90769]},"faces":{"north":{"uv":[6,5.5,6.25,5.75],"texture":"#1"},"east":{"uv":[6,5,6.25,5.25],"texture":"#1"},"south":{"uv":[6,5.25,6.25,5.5],"texture":"#1"},"west":{"uv":[6.25,5,6,5.25],"texture":"#1"},"up":{"uv":[6.25,6,6,5.75],"rotation":90,"texture":"#1"},"down":{"uv":[6.25,6,6,6.25],"rotation":270,"texture":"#1"}}},{"from":[7.584,0.87638,8.56945],"to":[8.416,2.15638,9.20945],"rotation":{"angle":22.5,"axis":"x","origin":[8,-2,4.90769]},"faces":{"north":{"uv":[6.4375,4.25,6.25,4.5625],"texture":"#1"},"east":{"uv":[6.4375,3.75,6.25,4.0625],"texture":"#1"},"south":{"uv":[4.9375,6.25,4.75,6.5625],"texture":"#1"},"west":{"uv":[6.25,3.75,6.4375,4.0625],"texture":"#1"},"up":{"uv":[6.5,4.4375,6.6875,4.25],"rotation":90,"texture":"#1"},"down":{"uv":[6.5,4.5,6.6875,4.6875],"rotation":270,"texture":"#1"}}},{"from":[7.616,-5.56228,8.96642],"to":[8.384,-4.28228,9.60642],"rotation":{"angle":-45,"axis":"x","origin":[8,-2,4.90769]},"faces":{"north":{"uv":[6.4375,2,6.25,2.3125],"texture":"#1"},"east":{"uv":[6.4375,1.5,6.25,1.8125],"texture":"#1"},"south":{"uv":[6.4375,3.25,6.25,3.5625],"texture":"#1"},"west":{"uv":[6.25,1.5,6.4375,1.8125],"texture":"#1"},"up":{"uv":[6.5,4.1875,6.6875,4],"rotation":90,"texture":"#1"},"down":{"uv":[4.25,6.5,4.4375,6.6875],"rotation":270,"texture":"#1"}}},{"from":[7.6096,-1.65721,10.28831],"to":[8.3904,-1.19641,10.74911],"rotation":{"angle":0,"axis":"y","origin":[8,-2,4.90769]},"faces":{"north":{"uv":[6.9375,4,6.75,4.125],"texture":"#1"},"east":{"uv":[6.875,5.25,6.75,5.375],"texture":"#1"},"south":{"uv":[4.4375,6.75,4.25,6.875],"texture":"#1"},"west":{"uv":[5.625,6.75,5.5,6.875],"texture":"#1"},"up":{"uv":[6.75,4.4375,6.875,4.25],"rotation":90,"texture":"#1"},"down":{"uv":[4.5,6.75,4.625,6.9375],"rotation":270,"texture":"#1"}}},{"from":[7.7956,8.9055,5.47076],"to":[8.2044,9.4495,6.01476],"rotation":{"angle":22.5,"axis":"x","origin":[8,7.64079,7.16514]},"faces":{"north":{"uv":[1.25,6.75,1.375,7],"rotation":90,"texture":"#1"},"east":{"uv":[6.875,5.125,6.75,5],"rotation":270,"texture":"#1"},"south":{"uv":[6.75,1.5,6.875,1.25],"rotation":90,"texture":"#1"},"west":{"uv":[5.375,6.875,5.25,6.75],"rotation":90,"texture":"#1"},"up":{"uv":[7,0.875,6.75,0.75],"rotation":180,"texture":"#1"},"down":{"uv":[7,1.125,6.75,1],"texture":"#1"}}},{"from":[7.802,7.33319,6.86132],"to":[8.198,9.73319,7.62932],"rotation":{"angle":-22.5,"axis":"x","origin":[8,7.64079,7.16514]},"faces":{"north":{"uv":[5.5,5.25,5.75,5.875],"texture":"#1"},"east":{"uv":[4,5.75,4.1875,6.375],"texture":"#1"},"south":{"uv":[5.5,3.75,5.75,4.375],"texture":"#1"},"west":{"uv":[4.1875,5.75,4,6.375],"texture":"#1"},"up":{"uv":[2.4375,6.75,2.25,6.5],"rotation":90,"texture":"#1"},"down":{"uv":[6.6875,2.25,6.5,2.5],"rotation":270,"texture":"#1"}}},{"from":[7.834,7.20845,7.16782],"to":[8.166,7.84845,8.44782],"rotation":{"angle":22.5,"axis":"x","origin":[8,7.64079,7.16514]},"faces":{"north":{"uv":[6.5,4.25,6.6875,4.4375],"rotation":90,"texture":"#1"},"east":{"uv":[6.4375,4.0625,6.25,3.75],"rotation":270,"texture":"#1"},"south":{"uv":[6.5,4.6875,6.6875,4.5],"rotation":90,"texture":"#1"},"west":{"uv":[6.25,4.0625,6.4375,3.75],"rotation":90,"texture":"#1"},"up":{"uv":[6.4375,4.5625,6.25,4.25],"rotation":180,"texture":"#1"},"down":{"uv":[4.9375,6.5625,4.75,6.25],"texture":"#1"}}},{"from":[7.866,6.06179,7.78964],"to":[8.134,7.34179,8.42964],"rotation":{"angle":0,"axis":"x","origin":[8,7.64079,7.16514]},"faces":{"north":{"uv":[6.25,3.25,6.4375,3.5625],"texture":"#1"},"east":{"uv":[6.25,1.5,6.4375,1.8125],"texture":"#1"},"south":{"uv":[6.25,2,6.4375,2.3125],"texture":"#1"},"west":{"uv":[6.4375,1.5,6.25,1.8125],"texture":"#1"},"up":{"uv":[6.6875,4.1875,6.5,4],"rotation":90,"texture":"#1"},"down":{"uv":[4.4375,6.5,4.25,6.6875],"rotation":270,"texture":"#1"}}},{"from":[7.334,4.20845,7.76782],"to":[8.666,4.84845,9.04782],"rotation":{"angle":22.5,"axis":"x","origin":[8,4.64079,7.76514]},"faces":{"north":{"uv":[6.5,4.25,6.6875,4.4375],"rotation":90,"texture":"#1"},"east":{"uv":[6.4375,4.0625,6.25,3.75],"rotation":270,"texture":"#1"},"south":{"uv":[6.5,4.6875,6.6875,4.5],"rotation":90,"texture":"#1"},"west":{"uv":[6.25,4.0625,6.4375,3.75],"rotation":90,"texture":"#1"},"up":{"uv":[6.4375,4.5625,6.25,4.25],"rotation":180,"texture":"#1"},"down":{"uv":[4.9375,6.5625,4.75,6.25],"texture":"#1"}}},{"from":[7.366,3.06179,8.38964],"to":[8.634,4.34179,9.02964],"rotation":{"angle":0,"axis":"x","origin":[8,4.64079,7.76514]},"faces":{"north":{"uv":[6.25,3.25,6.4375,3.5625],"texture":"#1"},"east":{"uv":[6.25,1.5,6.4375,1.8125],"texture":"#1"},"south":{"uv":[6.25,2,6.4375,2.3125],"texture":"#1"},"west":{"uv":[6.4375,1.5,6.25,1.8125],"texture":"#1"},"up":{"uv":[6.6875,4.1875,6.5,4],"rotation":90,"texture":"#1"},"down":{"uv":[4.4375,6.5,4.25,6.6875],"rotation":270,"texture":"#1"}}},{"from":[7.18,0.916,3.96487],"to":[8.82,3.316,6.36487],"rotation":{"angle":45,"axis":"x","origin":[8,-2,4.90769]},"faces":{"north":{"uv":[3.125,4.75,2.75,5.375],"texture":"#1"},"east":{"uv":[5.375,0.75,4.75,1.375],"texture":"#1"},"south":{"uv":[5.125,3,4.75,3.625],"texture":"#1"},"west":{"uv":[4.75,0.75,5.375,1.375],"texture":"#1"},"up":{"uv":[4.75,4.125,5.375,3.75],"rotation":90,"texture":"#1"},"down":{"uv":[4.75,4.25,5.375,4.625],"rotation":270,"texture":"#1"}}},{"from":[9.62659,-0.9634,6.53428],"to":[10.74659,-0.3234,7.65428],"rotation":{"angle":-45,"axis":"y","origin":[8,-2,4.90769]},"faces":{"north":{"uv":[6.75,1.75,6.5,1.9375],"texture":"#1"},"east":{"uv":[2,6.5,1.75,6.6875],"texture":"#1"},"south":{"uv":[6.75,2,6.5,2.1875],"texture":"#1"},"west":{"uv":[2.25,6.5,2,6.6875],"texture":"#1"},"up":{"uv":[6,3.75,6.25,3.5],"rotation":90,"texture":"#1"},"down":{"uv":[6,3.75,6.25,4],"rotation":270,"texture":"#1"}}},{"from":[7.18,4.31322,6.19714],"to":[8.82,6.07322,7.95714],"rotation":{"angle":-22.5,"axis":"x","origin":[8,7.64079,7.16514]},"faces":{"north":{"uv":[5.5,1.6875,5.875,1.25],"texture":"#1"},"east":{"uv":[4,5.6875,4.4375,5.25],"texture":"#1"},"south":{"uv":[5.5,1.1875,5.875,0.75],"texture":"#1"},"west":{"uv":[4.4375,5.6875,4,5.25],"texture":"#1"},"up":{"uv":[2,5.5,2.4375,5.875],"rotation":270,"texture":"#1"},"down":{"uv":[5.5,2.125,5.9375,1.75],"rotation":90,"texture":"#1"}}},{"from":[7.44,5.06786,8.0536],"to":[8.56,6.62786,9.6136],"rotation":{"angle":22.5,"axis":"x","origin":[8,7.64079,7.16514]},"faces":{"north":{"uv":[6.1875,5,5.75,4.75],"rotation":270,"texture":"#1"},"east":{"uv":[5.1875,4.75,4.75,5.1875],"rotation":270,"texture":"#1"},"south":{"uv":[6.1875,3.25,5.75,3.5],"rotation":270,"texture":"#1"},"west":{"uv":[4.75,4.75,5.1875,5.1875],"rotation":90,"texture":"#1"},"up":{"uv":[4.75,5.75,4.5,6.1875],"rotation":180,"texture":"#1"},"down":{"uv":[5,5.75,4.75,6.1875],"texture":"#1"}}},{"from":[7.34,-0.4714,6.8],"to":[8.66,1.9286,9.2],"rotation":{"angle":0,"axis":"y","origin":[8,-2,4.90769]},"faces":{"north":{"uv":[5.75,2.25,5.5,2.875],"texture":"#1"},"east":{"uv":[4.625,4.5,4,5.125],"texture":"#1"},"south":{"uv":[2.75,5.5,2.5,6.125],"texture":"#1"},"west":{"uv":[4,4.5,4.625,5.125],"texture":"#1"},"up":{"uv":[5.25,3.75,5.875,3.5],"rotation":90,"texture":"#1"},"down":{"uv":[2.75,5.5,3.375,5.75],"rotation":270,"texture":"#1"}}},{"from":[7.95,1.57723,3.57315],"to":[8.05,18.59948,10.93315],"rotation":{"angle":-22.5,"axis":"x","origin":[8,7.64079,7.16514]},"faces":{"east":{"uv":[13.12501,6.89063,14.93751,10.89063],"texture":"#1"},"west":{"uv":[14.93751,6.89063,13.12501,10.89063],"texture":"#1"}}},{"from":[9.78659,-3.28,6.69428],"to":[10.58659,-0.72,7.49428],"rotation":{"angle":-45,"axis":"y","origin":[8,-2,4.90769]},"faces":{"north":{"uv":[3.4375,7.125,3.25,7.75],"texture":"#1"},"east":{"uv":[3.4375,7.125,3.25,7.75],"texture":"#1"},"south":{"uv":[3.4375,7.125,3.25,7.75],"texture":"#1"},"west":{"uv":[3.4375,7.125,3.25,7.75],"texture":"#1"},"up":{"uv":[6.5,3.9375,6.6875,3.75],"rotation":90,"texture":"#1"},"down":{"uv":[4,6.5,4.1875,6.6875],"rotation":270,"texture":"#1"}}},{"from":[9.78659,2.22,6.69428],"to":[10.58659,4.78,7.49428],"rotation":{"angle":-45,"axis":"y","origin":[8,-2,4.90769]},"faces":{"north":{"uv":[3.1875,7.125,3,7.75],"texture":"#1"},"east":{"uv":[3.1875,7.125,3,7.75],"texture":"#1"},"south":{"uv":[3.1875,7.125,3,7.75],"texture":"#1"},"west":{"uv":[3.1875,7.125,3,7.75],"texture":"#1"},"up":{"uv":[6.5,3.9375,6.6875,3.75],"rotation":90,"texture":"#1"},"down":{"uv":[4,6.5,4.1875,6.6875],"rotation":270,"texture":"#1"}}},{"from":[8,-1.76112,-0.23332],"to":[8,16.26113,0.52668],"rotation":{"angle":0,"axis":"y","origin":[8,1,4.90769]},"faces":{"north":{"uv":[0,0,0,6.5],"rotation":180,"texture":"#1"},"east":{"uv":[15.5625,0,15.75,4.125],"rotation":180,"texture":"#1"},"south":{"uv":[0,0,0,6.5],"rotation":180,"texture":"#1"},"west":{"uv":[15.75,0,15.5625,4.125],"rotation":180,"texture":"#1"},"up":{"uv":[1.8125,0,0,0],"rotation":270,"texture":"#1"},"down":{"uv":[1.8125,0,0,0],"rotation":90,"texture":"#1"}}},{"from":[7.9,0.06952,0.143],"to":[8.1,17.06952,16.143],"rotation":{"angle":-22.5,"axis":"x","origin":[8,1,4.90769]},"faces":{"east":{"uv":[16,0,0,16],"texture":"#2"},"west":{"uv":[0,0,16,16],"texture":"#2"}}},{"from":[7.9,-0.26857,6],"to":[8.1,7.23143,13.55],"rotation":{"angle":-22.5,"axis":"x","origin":[8,4.98143,9.275]},"faces":{"east":{"uv":[16,0,0,16],"rotation":180,"texture":"#4"},"west":{"uv":[0,0,16,16],"rotation":180,"texture":"#4"}}}],"gui_light":"front","display":{"thirdperson_righthand":{"translation":[0,8,1.5]},"thirdperson_lefthand":{"translation":[0,8,1.5]},"firstperson_righthand":{"rotation":[-0.89,-12.88,2.7],"translation":[9.5,5.75,-5.75]},"firstperson_lefthand":{"rotation":[-0.89,-12.88,2.7],"translation":[9.5,5.75,-5.75]},"ground":{"rotation":[0,0,-79],"translation":[2.75,0,0],"scale":[0.69,0.69,0.69]},"gui":{"rotation":[-90,59.5,90],"translation":[1,3.5,0],"scale":[0.71,0.71,0.71]},"head":{"scale":[0.08,0.08,0.08]},"fixed":{"rotation":[0,-90,0],"translation":[0,6,-0.75],"scale":[1.49,1.49,1.49]}}}