{"credit":"Made with Blockbench","texture_size":[64,64],"textures":{"2":"items:tools_weapons/bob/axerl"},"elements":[{"from":[15.20463,20.38536,7.125],"to":[22.20463,22.38536,9.125],"rotation":{"angle":-45,"axis":"z","origin":[8.18366,29.66607,8]},"faces":{"north":{"uv":[6,0,7.75,0.5],"texture":"#2"},"east":{"uv":[6.5,6.75,7,7.25],"texture":"#2"},"south":{"uv":[6,0.5,7.75,1],"texture":"#2"},"west":{"uv":[7,5.75,7.5,6.25],"texture":"#2"},"up":{"uv":[7.75,1.5,6,1],"texture":"#2"},"down":{"uv":[7.75,1.5,6,2],"texture":"#2"}}},{"from":[20.20463,17.38536,7.125],"to":[22.20463,20.38536,9.125],"rotation":{"angle":-45,"axis":"z","origin":[8.18366,29.66607,8]},"faces":{"north":{"uv":[6.5,5.75,7,6.5],"texture":"#2"},"east":{"uv":[2,6.75,2.5,7.5],"texture":"#2"},"south":{"uv":[2.5,6.75,3,7.5],"texture":"#2"},"west":{"uv":[3,6.75,3.5,7.5],"texture":"#2"},"up":{"uv":[7.5,7.25,7,6.75],"texture":"#2"},"down":{"uv":[7.75,4,7.25,4.5],"texture":"#2"}}},{"from":[15.20463,17.38536,7.125],"to":[17.20463,20.38536,9.125],"rotation":{"angle":-45,"axis":"z","origin":[8.18366,29.66607,8]},"faces":{"north":{"uv":[3.5,6.75,4,7.5],"texture":"#2"},"east":{"uv":[4,6.75,4.5,7.5],"texture":"#2"},"south":{"uv":[4.5,6.75,5,7.5],"texture":"#2"},"west":{"uv":[5.5,6.75,6,7.5],"texture":"#2"},"up":{"uv":[7.75,5,7.25,4.5],"texture":"#2"},"down":{"uv":[7.75,5,7.25,5.5],"texture":"#2"}}},{"from":[15.20463,15.38536,7.125],"to":[22.20463,17.38536,9.125],"rotation":{"angle":-45,"axis":"z","origin":[8.18366,29.66607,8]},"faces":{"north":{"uv":[6,2,7.75,2.5],"texture":"#2"},"east":{"uv":[7.25,6.25,7.75,6.75],"texture":"#2"},"south":{"uv":[6,2.5,7.75,3],"texture":"#2"},"west":{"uv":[6.5,7.25,7,7.75],"texture":"#2"},"up":{"uv":[7.75,3.5,6,3],"texture":"#2"},"down":{"uv":[7.75,3.5,6,4],"texture":"#2"}}},{"from":[7,-11.78989,7.125],"to":[9,12.21011,9.125],"rotation":{"angle":45,"axis":"y","origin":[8,-10.247,8.125]},"faces":{"north":{"uv":[0,3.75,0.5,9.75],"texture":"#2"},"east":{"uv":[0.5,3.75,1,9.75],"texture":"#2"},"south":{"uv":[1,3.75,1.5,9.75],"texture":"#2"},"west":{"uv":[1.5,3.75,2,9.75],"texture":"#2"},"up":{"uv":[7.5,7.75,7,7.25],"texture":"#2"},"down":{"uv":[2.5,7.5,2,8],"texture":"#2"}}},{"from":[7,18.21011,7.125],"to":[9,20.21011,9.125],"rotation":{"angle":45,"axis":"y","origin":[8,-10.247,8.125]},"faces":{"north":{"uv":[7.75,0,8.25,0.5],"texture":"#2"},"east":{"uv":[7.75,0.5,8.25,1],"texture":"#2"},"south":{"uv":[7.75,1,8.25,1.5],"texture":"#2"},"west":{"uv":[7.75,1.5,8.25,2],"texture":"#2"},"up":{"uv":[8.25,2.5,7.75,2],"texture":"#2"},"down":{"uv":[8.25,2.5,7.75,3],"texture":"#2"}}},{"from":[9.0481,-14.29509,7.625],"to":[11.0481,-13.29509,8.625],"rotation":{"angle":-45,"axis":"z","origin":[8,-10.247,8.125]},"faces":{"north":{"uv":[5.5,6.25,6,6.5],"texture":"#2"},"east":{"uv":[7,6.25,7.25,6.5],"texture":"#2"},"south":{"uv":[7.75,3,8.25,3.25],"texture":"#2"},"west":{"uv":[7.75,5.25,8,5.5],"texture":"#2"},"up":{"uv":[8.25,3.5,7.75,3.25],"texture":"#2"},"down":{"uv":[8.25,3.5,7.75,3.75],"texture":"#2"}}},{"from":[8.0481,-14.29509,7.625],"to":[9.0481,-10.29509,8.625],"rotation":{"angle":-45,"axis":"z","origin":[8,-10.247,8.125]},"faces":{"north":{"uv":[2.5,7.5,2.75,8.5],"texture":"#2"},"east":{"uv":[2.75,7.5,3,8.5],"texture":"#2"},"south":{"uv":[3,7.5,3.25,8.5],"texture":"#2"},"west":{"uv":[3.25,7.5,3.5,8.5],"texture":"#2"},"up":{"uv":[8,6.5,7.75,6.25],"texture":"#2"},"down":{"uv":[6.75,7.75,6.5,8],"texture":"#2"}}},{"from":[11.0481,-14.29509,7.625],"to":[12.0481,-10.29509,8.625],"rotation":{"angle":-45,"axis":"z","origin":[8,-10.247,8.125]},"faces":{"north":{"uv":[3.5,7.5,3.75,8.5],"texture":"#2"},"east":{"uv":[3.75,7.5,4,8.5],"texture":"#2"},"south":{"uv":[4,7.5,4.25,8.5],"texture":"#2"},"west":{"uv":[4.25,7.5,4.5,8.5],"texture":"#2"},"up":{"uv":[8,6.75,7.75,6.5],"texture":"#2"},"down":{"uv":[7,7.75,6.75,8],"texture":"#2"}}},{"from":[9.0481,-11.29509,7.625],"to":[11.0481,-10.29509,8.625],"rotation":{"angle":-45,"axis":"z","origin":[8,-10.247,8.125]},"faces":{"north":{"uv":[7.75,3.75,8.25,4],"texture":"#2"},"east":{"uv":[7,7.75,7.25,8],"texture":"#2"},"south":{"uv":[7.75,4,8.25,4.25],"texture":"#2"},"west":{"uv":[7.25,7.75,7.5,8],"texture":"#2"},"up":{"uv":[8.25,4.5,7.75,4.25],"texture":"#2"},"down":{"uv":[8.25,4.5,7.75,4.75],"texture":"#2"}}},{"from":[6.5,-9.78989,6.625],"to":[9.5,-2.78989,9.625],"rotation":{"angle":45,"axis":"y","origin":[8,-10.247,8.125]},"faces":{"north":{"uv":[2,5,2.75,6.75],"texture":"#2"},"east":{"uv":[2.75,5,3.5,6.75],"texture":"#2"},"south":{"uv":[3.5,5,4.25,6.75],"texture":"#2"},"west":{"uv":[4.25,5,5,6.75],"texture":"#2"},"up":{"uv":[7.25,4.75,6.5,4],"texture":"#2"},"down":{"uv":[7.25,4.75,6.5,5.5],"texture":"#2"}}},{"from":[6.5,1.21011,6.625],"to":[9.5,8.21011,9.625],"rotation":{"angle":45,"axis":"y","origin":[8,-10.247,8.125]},"faces":{"north":{"uv":[2,5,2.75,6.75],"texture":"#2"},"east":{"uv":[2.75,5,3.5,6.75],"texture":"#2"},"south":{"uv":[3.5,5,4.25,6.75],"texture":"#2"},"west":{"uv":[4.25,5,5,6.75],"texture":"#2"},"up":{"uv":[7.25,4.75,6.5,4],"texture":"#2"},"down":{"uv":[7.25,4.75,6.5,5.5],"texture":"#2"}}},{"from":[18.19041,18.39958,7.625],"to":[19.19041,19.39958,8.625],"rotation":{"angle":-45,"axis":"z","origin":[8.18366,29.66607,8]},"faces":{"north":{"uv":[7.5,7.75,7.75,8],"texture":"#2"},"east":{"uv":[7.75,7.75,8,8],"texture":"#2"},"south":{"uv":[2,8,2.25,8.25],"texture":"#2"},"west":{"uv":[2.25,8,2.5,8.25],"texture":"#2"},"up":{"uv":[4.75,8.25,4.5,8],"texture":"#2"},"down":{"uv":[5,8,4.75,8.25],"texture":"#2"}}},{"from":[19.69041,19.89958,8.875],"to":[17.69041,17.89958,6.875],"rotation":{"angle":-45,"axis":"z","origin":[8.18366,29.66607,8]},"faces":{"north":{"uv":[4.5,7.5,5,8],"texture":"#2"},"east":{"uv":[5,7.5,5.5,8],"texture":"#2"},"south":{"uv":[5.5,7.5,6,8],"texture":"#2"},"west":{"uv":[7.5,5.75,8,6.25],"texture":"#2"},"up":{"uv":[8,7.25,7.5,6.75],"texture":"#2"},"down":{"uv":[8,7.25,7.5,7.75],"texture":"#2"}}},{"from":[-1,12,7.5],"to":[6,17,8.5],"rotation":{"angle":0,"axis":"y","origin":[7,0,7]},"faces":{"north":{"uv":[5.5,3.75,3.75,5],"texture":"#2"},"east":{"uv":[6,6.75,6.25,8],"texture":"#2"},"south":{"uv":[3.75,3.75,5.5,5],"texture":"#2"},"west":{"uv":[6.25,6.75,6.5,8],"texture":"#2"},"up":{"uv":[7.25,6.75,5.5,6.5],"texture":"#2"},"down":{"uv":[8.25,5.5,6.5,5.75],"texture":"#2"}}},{"from":[-3,8,7.5],"to":[-1,18,8.5],"rotation":{"angle":0,"axis":"y","origin":[7,0,7]},"faces":{"north":{"uv":[6,3.75,5.5,6.25],"texture":"#2"},"east":{"uv":[6,4,6.25,6.5],"texture":"#2"},"south":{"uv":[5.5,3.75,6,6.25],"texture":"#2"},"west":{"uv":[6.25,4,6.5,6.5],"texture":"#2"},"up":{"uv":[8.25,5,7.75,4.75],"texture":"#2"},"down":{"uv":[8.25,5,7.75,5.25],"texture":"#2"}}},{"from":[-5,4,8],"to":[7,19,8],"rotation":{"angle":0,"axis":"y","origin":[7,0,7]},"faces":{"north":{"uv":[6,0,3,3.75],"texture":"#2"},"east":{"uv":[0,0,0,3.75],"texture":"#2"},"south":{"uv":[3,0,6,3.75],"texture":"#2"},"west":{"uv":[0,0,0,3.75],"texture":"#2"},"up":{"uv":[3,0,0,0],"texture":"#2"},"down":{"uv":[3,0,0,0],"texture":"#2"}}}],"gui_light":"front","display":{"thirdperson_righthand":{"rotation":[0,-87,0],"translation":[1,6.5,2.25],"scale":[0.55,0.54297,0.54]},"thirdperson_lefthand":{"rotation":[0,90,0],"translation":[1,6.5,2.25],"scale":[0.55,0.54297,0.54]},"firstperson_righthand":{"rotation":[0,-90,0],"translation":[1,6.5,2.25],"scale":[0.37,0.37,0.37]},"firstperson_lefthand":{"rotation":[0,90,0],"translation":[1,6.5,2.25],"scale":[0.37,0.37,0.37]},"ground":{"rotation":[-59.47,-16.06,27.78],"translation":[0.25,0.25,-2],"scale":[0.46,0.45,0.44]},"gui":{"rotation":[0,0,-45],"translation":[2.25,2,0],"scale":[0.58,0.57,0.58]},"head":{"rotation":[0,0,116.5],"translation":[3,15.75,0]},"fixed":{"rotation":[0,0,-45],"translation":[2.25,2,0],"scale":[0.58,0.57,0.58]}}}