{"credit":"Made with Blockbench","texture_size":[64,64],"textures":{"2":"items:tools_weapons/bob/crossbow_0"},"elements":[{"from":[6.1,-0.5,-2.5],"to":[9.9,2.5,10.5],"rotation":{"angle":0,"axis":"y","origin":[7,0,7]},"faces":{"north":{"uv":[6.25,5.5,7.25,6.25],"texture":"#2"},"east":{"uv":[5.5,0,8.75,0.75],"texture":"#2"},"south":{"uv":[6.25,6.25,7.25,7],"texture":"#2"},"west":{"uv":[5.5,0.75,8.75,1.5],"texture":"#2"},"up":{"uv":[5.5,3.25,4.5,0],"texture":"#2"},"down":{"uv":[5.5,3.25,4.5,6.5],"texture":"#2"}}},{"from":[6.125,-1.64909,-4.27687],"to":[9.875,1.35091,-1.27687],"rotation":{"angle":-22.5,"axis":"x","origin":[7,-1.14909,-4.77687]},"faces":{"north":{"uv":[4.5,6.5,5.5,7.25],"texture":"#2"},"east":{"uv":[8.5,1.5,9.25,2.25],"texture":"#2"},"south":{"uv":[6.75,1.5,7.75,2.25],"texture":"#2"},"west":{"uv":[8.5,2.25,9.25,3],"texture":"#2"},"up":{"uv":[7.75,3,6.75,2.25],"texture":"#2"},"down":{"uv":[7.75,3,6.75,3.75],"texture":"#2"}}},{"from":[6.5,-1.41969,-5.12359],"to":[9.5,1.58031,-4.12359],"rotation":{"angle":0,"axis":"y","origin":[6.5,-0.41969,-7.62359]},"faces":{"north":{"uv":[8.5,3,9.25,3.75],"texture":"#2"},"east":{"uv":[9,9,9.25,9.75],"texture":"#2"},"south":{"uv":[8.5,5.5,9.25,6.25],"texture":"#2"},"west":{"uv":[9.25,0,9.5,0.75],"texture":"#2"},"up":{"uv":[10,1,9.25,0.75],"texture":"#2"},"down":{"uv":[10,1,9.25,1.25],"texture":"#2"}}},{"from":[5.5,-2.41969,-8.12359],"to":[10.5,2.58031,-5.12359],"rotation":{"angle":0,"axis":"y","origin":[6.5,-0.41969,-7.62359]},"faces":{"north":{"uv":[5.5,1.5,6.75,2.75],"texture":"#2"},"east":{"uv":[5.5,4,6.25,5.25],"texture":"#2"},"south":{"uv":[5.5,2.75,6.75,4],"texture":"#2"},"west":{"uv":[5.5,5.25,6.25,6.5],"texture":"#2"},"up":{"uv":[7.5,4.75,6.25,4],"texture":"#2"},"down":{"uv":[7.5,4.75,6.25,5.5],"texture":"#2"}}},{"from":[6,0.5,12],"to":[8,1.5,13],"rotation":{"angle":-45,"axis":"y","origin":[8,1,12]},"faces":{"north":{"uv":[5.25,8,5.75,8.25],"texture":"#2"},"east":{"uv":[5.25,7.25,5.5,7.5],"texture":"#2"},"south":{"uv":[7.5,8.25,8,8.5],"texture":"#2"},"west":{"uv":[8.75,4.5,9,4.75],"texture":"#2"},"up":{"uv":[9.75,1.5,9.25,1.25],"texture":"#2"},"down":{"uv":[9.75,1.5,9.25,1.75],"texture":"#2"}}},{"from":[5.75,0.5,9.75],"to":[7.75,1.5,10.75],"rotation":{"angle":-45,"axis":"y","origin":[8,1,12]},"faces":{"north":{"uv":[9.25,1.75,9.75,2],"texture":"#2"},"east":{"uv":[4.75,9.25,5,9.5],"texture":"#2"},"south":{"uv":[9.25,2,9.75,2.25],"texture":"#2"},"west":{"uv":[5,9.25,5.25,9.5],"texture":"#2"},"up":{"uv":[9.75,2.5,9.25,2.25],"texture":"#2"},"down":{"uv":[9.75,2.5,9.25,2.75],"texture":"#2"}}},{"from":[8,0.5,10],"to":[9,1.5,13],"rotation":{"angle":-45,"axis":"y","origin":[8,1,12]},"faces":{"north":{"uv":[9.25,4.25,9.5,4.5],"texture":"#2"},"east":{"uv":[6.75,3.75,7.5,4],"texture":"#2"},"south":{"uv":[4.5,9.25,4.75,9.5],"texture":"#2"},"west":{"uv":[4.5,7.25,5.25,7.5],"texture":"#2"},"up":{"uv":[7.5,9.75,7.25,9],"texture":"#2"},"down":{"uv":[9,9,8.75,9.75],"texture":"#2"}}},{"from":[5.75,0.5,9.75],"to":[6.75,1.5,11.75],"rotation":{"angle":-45,"axis":"y","origin":[8,1,12]},"faces":{"north":{"uv":[9.25,5.5,9.5,5.75],"texture":"#2"},"east":{"uv":[9.25,2.75,9.75,3],"texture":"#2"},"south":{"uv":[9.25,5.75,9.5,6],"texture":"#2"},"west":{"uv":[9.25,3,9.75,3.25],"texture":"#2"},"up":{"uv":[9.5,3.75,9.25,3.25],"texture":"#2"},"down":{"uv":[9.5,3.75,9.25,4.25],"texture":"#2"}}},{"from":[4.5,0.025,8.1],"to":[7.5,1.975,10.1],"rotation":{"angle":22.5,"axis":"y","origin":[8,1.5,11.5]},"faces":{"north":{"uv":[5.5,6.5,6.25,7],"texture":"#2"},"east":{"uv":[3.5,9,4,9.5],"texture":"#2"},"south":{"uv":[4.5,8.75,5.25,9.25],"texture":"#2"},"west":{"uv":[4,9,4.5,9.5],"texture":"#2"},"up":{"uv":[9.5,7.5,8.75,7],"texture":"#2"},"down":{"uv":[9.5,7.5,8.75,8],"texture":"#2"}}},{"from":[-0.1012,0,8.18702],"to":[4.8988,2,10.18702],"rotation":{"angle":-22.5,"axis":"y","origin":[1.1488,1,9.18702]},"faces":{"north":{"uv":[5.5,7,6.75,7.5],"texture":"#2"},"east":{"uv":[9,4.5,9.5,5],"texture":"#2"},"south":{"uv":[6.75,7,8,7.5],"texture":"#2"},"west":{"uv":[9,5,9.5,5.5],"texture":"#2"},"up":{"uv":[8.5,6,7.25,5.5],"texture":"#2"},"down":{"uv":[8.5,6,7.25,6.5],"texture":"#2"}}},{"from":[-1.94219,-0.5,6.09603],"to":[1.05781,2.5,9.09603],"rotation":{"angle":22.5,"axis":"y","origin":[1.1488,1,9.18702]},"faces":{"north":{"uv":[6.5,7.5,7.25,8.25],"texture":"#2"},"east":{"uv":[7.25,7.5,8,8.25],"texture":"#2"},"south":{"uv":[7.75,1.5,8.5,2.25],"texture":"#2"},"west":{"uv":[7.75,2.25,8.5,3],"texture":"#2"},"up":{"uv":[8.5,3.75,7.75,3],"texture":"#2"},"down":{"uv":[5.25,8,4.5,8.75],"texture":"#2"}}},{"from":[-1.34113,1,-4.25085],"to":[16.65887,1,13.74915],"rotation":{"angle":45,"axis":"y","origin":[8.30887,1,4.49915]},"faces":{"north":{"uv":[0,0,4.5,0],"texture":"#2"},"east":{"uv":[0,0,4.5,0],"texture":"#2"},"south":{"uv":[0,0,4.5,0],"texture":"#2"},"west":{"uv":[0,0,4.5,0],"texture":"#2"},"up":{"uv":[4.5,4.5,0,0],"texture":"#2"},"down":{"uv":[4.5,4.5,0,9],"texture":"#2"}}},{"from":[8.5,0.025,8.1],"to":[11.5,1.975,10.1],"rotation":{"angle":-22.5,"axis":"y","origin":[8,1.5,11.5]},"faces":{"north":{"uv":[8.75,8,9.5,8.5],"texture":"#2"},"east":{"uv":[5.25,9,5.75,9.5],"texture":"#2"},"south":{"uv":[8.75,8.5,9.5,9],"texture":"#2"},"west":{"uv":[5.75,9,6.25,9.5],"texture":"#2"},"up":{"uv":[0.75,9.5,0,9],"texture":"#2"},"down":{"uv":[1.5,9,0.75,9.5],"texture":"#2"}}},{"from":[8.5,-0.9,8.2],"to":[10.5,2.1,11.2],"rotation":{"angle":-45,"axis":"x","origin":[8,1,9]},"faces":{"north":{"uv":[8.25,8.5,8.75,9.25],"texture":"#2"},"east":{"uv":[7.5,4.75,8.25,5.5],"texture":"#2"},"south":{"uv":[8.75,0,9.25,0.75],"texture":"#2"},"west":{"uv":[5.75,7.5,6.5,8.25],"texture":"#2"},"up":{"uv":[9.25,1.5,8.75,0.75],"texture":"#2"},"down":{"uv":[9.25,3.75,8.75,4.5],"texture":"#2"}}},{"from":[5.5,-0.9,8.2],"to":[7.5,2.1,11.2],"rotation":{"angle":-45,"axis":"x","origin":[8,1,9]},"faces":{"north":{"uv":[1.5,9,2,9.75],"texture":"#2"},"east":{"uv":[8.5,6.25,9.25,7],"texture":"#2"},"south":{"uv":[2,9,2.5,9.75],"texture":"#2"},"west":{"uv":[7.5,8.5,8.25,9.25],"texture":"#2"},"up":{"uv":[3,9.75,2.5,9],"texture":"#2"},"down":{"uv":[3.5,9,3,9.75],"texture":"#2"}}},{"from":[11.1012,0,8.18702],"to":[16.1012,2,10.18702],"rotation":{"angle":22.5,"axis":"y","origin":[14.8512,1,9.18702]},"faces":{"north":{"uv":[7.25,6.5,8.5,7],"texture":"#2"},"east":{"uv":[6.25,9,6.75,9.5],"texture":"#2"},"south":{"uv":[7.5,3.75,8.75,4.25],"texture":"#2"},"west":{"uv":[6.75,9,7.25,9.5],"texture":"#2"},"up":{"uv":[8.75,4.75,7.5,4.25],"texture":"#2"},"down":{"uv":[5.75,7.5,4.5,8],"texture":"#2"}}},{"from":[14.94219,-0.5,6.09603],"to":[17.94219,2.5,9.09603],"rotation":{"angle":-22.5,"axis":"y","origin":[14.8512,1,9.18702]},"faces":{"north":{"uv":[8,7,8.75,7.75],"texture":"#2"},"east":{"uv":[8,7.75,8.75,8.5],"texture":"#2"},"south":{"uv":[8.25,4.75,9,5.5],"texture":"#2"},"west":{"uv":[5.25,8.25,6,9],"texture":"#2"},"up":{"uv":[6.75,9,6,8.25],"texture":"#2"},"down":{"uv":[7.5,8.25,6.75,9],"texture":"#2"}}}],"gui_light":"front","display":{"thirdperson_righthand":{"rotation":[0,180,0],"translation":[0,2.75,-5.75],"scale":[0.69,0.68,0.69]},"thirdperson_lefthand":{"rotation":[0,180,0],"translation":[0,2.75,-5.75],"scale":[0.69,0.68,0.69]},"firstperson_righthand":{"rotation":[0,180,0],"translation":[5.25,2.75,-5.75],"scale":[0.69,0.68,0.69]},"firstperson_lefthand":{"rotation":[0,180,0],"translation":[5.25,2.75,-5.75],"scale":[0.69,0.68,0.69]},"ground":{"translation":[0,1.5,0],"scale":[0.67,0.66,0.67]},"gui":{"rotation":[90,180,0],"translation":[0,3.25,-6.25],"scale":[0.77,0.77,0.77]},"fixed":{"rotation":[-90,0,0],"translation":[0,4.75,-6.25]}}}