{"credit":"Made with Blockbench","texture_size":[64,64],"textures":{"3":"items:tools_weapons/bob/pickaxerl"},"elements":[{"from":[15.20463,20.38536,7.125],"to":[22.20463,22.38536,9.125],"rotation":{"angle":-45,"axis":"z","origin":[8.18366,29.66607,8]},"faces":{"north":{"uv":[6,5.5,7.75,6],"texture":"#3"},"east":{"uv":[3.5,7.5,4,8],"texture":"#3"},"south":{"uv":[6,6,7.75,6.5],"texture":"#3"},"west":{"uv":[4,7.5,4.5,8],"texture":"#3"},"up":{"uv":[8.25,2,6.5,1.5],"texture":"#3"},"down":{"uv":[8.25,2,6.5,2.5],"texture":"#3"}}},{"from":[20.20463,17.38536,7.125],"to":[22.20463,20.38536,9.125],"rotation":{"angle":-45,"axis":"z","origin":[8.18366,29.66607,8]},"faces":{"north":{"uv":[3,4.5,3.5,5.25],"texture":"#3"},"east":{"uv":[3,7,3.5,7.75],"texture":"#3"},"south":{"uv":[6.5,7.25,7,8],"texture":"#3"},"west":{"uv":[7,7.25,7.5,8],"texture":"#3"},"up":{"uv":[8,4.5,7.5,4],"texture":"#3"},"down":{"uv":[5,7.5,4.5,8],"texture":"#3"}}},{"from":[15.20463,17.38536,7.125],"to":[17.20463,20.38536,9.125],"rotation":{"angle":-45,"axis":"z","origin":[8.18366,29.66607,8]},"faces":{"north":{"uv":[1,7.5,1.5,8.25],"texture":"#3"},"east":{"uv":[1.5,7.5,2,8.25],"texture":"#3"},"south":{"uv":[2,7.5,2.5,8.25],"texture":"#3"},"west":{"uv":[2.5,7.5,3,8.25],"texture":"#3"},"up":{"uv":[8,5,7.5,4.5],"texture":"#3"},"down":{"uv":[5.5,7.5,5,8],"texture":"#3"}}},{"from":[15.20463,15.38536,7.125],"to":[22.20463,17.38536,9.125],"rotation":{"angle":-45,"axis":"z","origin":[8.18366,29.66607,8]},"faces":{"north":{"uv":[6.5,2.5,8.25,3],"texture":"#3"},"east":{"uv":[7.5,5,8,5.5],"texture":"#3"},"south":{"uv":[6.5,3,8.25,3.5],"texture":"#3"},"west":{"uv":[5.5,7.5,6,8],"texture":"#3"},"up":{"uv":[7.75,7,6,6.5],"texture":"#3"},"down":{"uv":[8.5,3.5,6.75,4],"texture":"#3"}}},{"from":[7,-11.78989,7.125],"to":[9,12.21011,9.125],"rotation":{"angle":45,"axis":"y","origin":[8,-10.247,8.125]},"faces":{"north":{"uv":[3.5,1.5,4,7.5],"texture":"#3"},"east":{"uv":[4,1.5,4.5,7.5],"texture":"#3"},"south":{"uv":[0,4.5,0.5,10.5],"texture":"#3"},"west":{"uv":[0.5,4.5,1,10.5],"texture":"#3"},"up":{"uv":[6.5,8,6,7.5],"texture":"#3"},"down":{"uv":[8,7.25,7.5,7.75],"texture":"#3"}}},{"from":[7,18.21011,7.125],"to":[9,20.21011,9.125],"rotation":{"angle":45,"axis":"y","origin":[8,-10.247,8.125]},"faces":{"north":{"uv":[8,4.5,8.5,5],"texture":"#3"},"east":{"uv":[5,8,5.5,8.5],"texture":"#3"},"south":{"uv":[8,5,8.5,5.5],"texture":"#3"},"west":{"uv":[5.5,8,6,8.5],"texture":"#3"},"up":{"uv":[8.5,6,8,5.5],"texture":"#3"},"down":{"uv":[6.5,8,6,8.5],"texture":"#3"}}},{"from":[9.0481,-14.29509,7.625],"to":[11.0481,-13.29509,8.625],"rotation":{"angle":-45,"axis":"z","origin":[8,-10.247,8.125]},"faces":{"north":{"uv":[8,6,8.5,6.25],"texture":"#3"},"east":{"uv":[6.5,3.5,6.75,3.75],"texture":"#3"},"south":{"uv":[8,6.25,8.5,6.5],"texture":"#3"},"west":{"uv":[7.25,8,7.5,8.25],"texture":"#3"},"up":{"uv":[8.5,7.25,8,7],"texture":"#3"},"down":{"uv":[8.5,7.25,8,7.5],"texture":"#3"}}},{"from":[8.0481,-14.29509,7.625],"to":[9.0481,-10.29509,8.625],"rotation":{"angle":-45,"axis":"z","origin":[8,-10.247,8.125]},"faces":{"north":{"uv":[3.25,5.25,3.5,6.25],"texture":"#3"},"east":{"uv":[7.75,0,8,1],"texture":"#3"},"south":{"uv":[3,7.75,3.25,8.75],"texture":"#3"},"west":{"uv":[3.25,7.75,3.5,8.75],"texture":"#3"},"up":{"uv":[8.5,0.5,8.25,0.25],"texture":"#3"},"down":{"uv":[8.5,0.5,8.25,0.75],"texture":"#3"}}},{"from":[11.0481,-14.29509,7.625],"to":[12.0481,-10.29509,8.625],"rotation":{"angle":-45,"axis":"z","origin":[8,-10.247,8.125]},"faces":{"north":{"uv":[7.75,5.5,8,6.5],"texture":"#3"},"east":{"uv":[7.5,7.75,7.75,8.75],"texture":"#3"},"south":{"uv":[7.75,7.75,8,8.75],"texture":"#3"},"west":{"uv":[8,0,8.25,1],"texture":"#3"},"up":{"uv":[8.5,1,8.25,0.75],"texture":"#3"},"down":{"uv":[1.25,8.25,1,8.5],"texture":"#3"}}},{"from":[9.0481,-11.29509,7.625],"to":[11.0481,-10.29509,8.625],"rotation":{"angle":-45,"axis":"z","origin":[8,-10.247,8.125]},"faces":{"north":{"uv":[8,7.5,8.5,7.75],"texture":"#3"},"east":{"uv":[8.25,1,8.5,1.25],"texture":"#3"},"south":{"uv":[8,7.75,8.5,8],"texture":"#3"},"west":{"uv":[1.25,8.25,1.5,8.5],"texture":"#3"},"up":{"uv":[8.5,8.25,8,8],"texture":"#3"},"down":{"uv":[8.75,0,8.25,0.25],"texture":"#3"}}},{"from":[6.5,-9.78989,6.625],"to":[9.5,-2.78989,9.625],"rotation":{"angle":45,"axis":"y","origin":[8,-10.247,8.125]},"faces":{"north":{"uv":[4.5,3.75,5.25,5.5],"texture":"#3"},"east":{"uv":[1,5.25,1.75,7],"texture":"#3"},"south":{"uv":[1.75,5.25,2.5,7],"texture":"#3"},"west":{"uv":[2.5,5.25,3.25,7],"texture":"#3"},"up":{"uv":[7.5,4.75,6.75,4],"texture":"#3"},"down":{"uv":[7.5,4.75,6.75,5.5],"texture":"#3"}}},{"from":[6.5,1.21011,6.625],"to":[9.5,8.21011,9.625],"rotation":{"angle":45,"axis":"y","origin":[8,-10.247,8.125]},"faces":{"north":{"uv":[5.25,3.75,6,5.5],"texture":"#3"},"east":{"uv":[4.5,5.5,5.25,7.25],"texture":"#3"},"south":{"uv":[5.25,5.5,6,7.25],"texture":"#3"},"west":{"uv":[6,3.75,6.75,5.5],"texture":"#3"},"up":{"uv":[7.75,0.75,7,0],"texture":"#3"},"down":{"uv":[7.75,0.75,7,1.5],"texture":"#3"}}},{"from":[18.19041,18.39958,7.625],"to":[19.19041,19.39958,8.625],"rotation":{"angle":-45,"axis":"z","origin":[8.18366,29.66607,8]},"faces":{"north":{"uv":[8.25,1.25,8.5,1.5],"texture":"#3"},"east":{"uv":[1.5,8.25,1.75,8.5],"texture":"#3"},"south":{"uv":[8.25,1.5,8.5,1.75],"texture":"#3"},"west":{"uv":[1.75,8.25,2,8.5],"texture":"#3"},"up":{"uv":[8.5,2,8.25,1.75],"texture":"#3"},"down":{"uv":[2.25,8.25,2,8.5],"texture":"#3"}}},{"from":[19.69041,19.89958,8.875],"to":[17.69041,17.89958,6.875],"rotation":{"angle":-45,"axis":"z","origin":[8.18366,29.66607,8]},"faces":{"north":{"uv":[7.75,1,8.25,1.5],"texture":"#3"},"east":{"uv":[7.75,6.5,8.25,7],"texture":"#3"},"south":{"uv":[3.5,8,4,8.5],"texture":"#3"},"west":{"uv":[4,8,4.5,8.5],"texture":"#3"},"up":{"uv":[8.5,4.5,8,4],"texture":"#3"},"down":{"uv":[5,8,4.5,8.5],"texture":"#3"}}},{"from":[-3,13,7.5],"to":[5,16,8.5],"rotation":{"angle":22.5,"axis":"z","origin":[2.5,15,8.5]},"faces":{"north":{"uv":[1,4.5,3,5.25],"texture":"#3"},"east":{"uv":[3.25,6.25,3.5,7],"texture":"#3"},"south":{"uv":[4.5,1.5,6.5,2.25],"texture":"#3"},"west":{"uv":[6.5,8,6.75,8.75],"texture":"#3"},"up":{"uv":[3,7.25,1,7],"texture":"#3"},"down":{"uv":[8,7,6,7.25],"texture":"#3"}}},{"from":[-7,10,8],"to":[7,16,8],"rotation":{"angle":22.5,"axis":"z","origin":[2.5,15,8.5]},"faces":{"north":{"uv":[0,0,3.5,1.5],"texture":"#3"},"east":{"uv":[0,0,0,1.5],"texture":"#3"},"south":{"uv":[0,1.5,3.5,3],"texture":"#3"},"west":{"uv":[0,0,0,1.5],"texture":"#3"},"up":{"uv":[3.5,0,0,0],"texture":"#3"},"down":{"uv":[3.5,0,0,0],"texture":"#3"}}},{"from":[9,10,8],"to":[23,16,8],"rotation":{"angle":-22.5,"axis":"z","origin":[13.5,15,8.5]},"faces":{"north":{"uv":[0,3,3.5,4.5],"texture":"#3"},"east":{"uv":[0,0,0,1.5],"texture":"#3"},"south":{"uv":[3.5,0,7,1.5],"texture":"#3"},"west":{"uv":[0,0,0,1.5],"texture":"#3"},"up":{"uv":[3.5,0,0,0],"texture":"#3"},"down":{"uv":[3.5,0,0,0],"texture":"#3"}}},{"from":[11,13,7.5],"to":[19,16,8.5],"rotation":{"angle":-22.5,"axis":"z","origin":[13.5,15,8.5]},"faces":{"north":{"uv":[4.5,2.25,6.5,3],"texture":"#3"},"east":{"uv":[6.75,8,7,8.75],"texture":"#3"},"south":{"uv":[4.5,3,6.5,3.75],"texture":"#3"},"west":{"uv":[7,8,7.25,8.75],"texture":"#3"},"up":{"uv":[3,7.5,1,7.25],"texture":"#3"},"down":{"uv":[6.5,7.25,4.5,7.5],"texture":"#3"}}}],"gui_light":"front","display":{"thirdperson_righthand":{"rotation":[0,-87,0],"translation":[1,6.5,2.25],"scale":[0.55,0.54297,0.54]},"thirdperson_lefthand":{"rotation":[0,90,0],"translation":[1,6.5,2.25],"scale":[0.55,0.54297,0.54]},"firstperson_righthand":{"rotation":[0,-90,0],"translation":[1,6.5,2.25],"scale":[0.37,0.37,0.37]},"firstperson_lefthand":{"rotation":[0,90,0],"translation":[1,6.5,2.25],"scale":[0.37,0.37,0.37]},"ground":{"rotation":[-59.47,-16.06,27.78],"translation":[0.25,0.5,-1.75],"scale":[0.46,0.45,0.44]},"gui":{"rotation":[0,0,-45],"translation":[2.25,2,0],"scale":[0.58,0.57,0.58]},"head":{"rotation":[0,0,116.5],"translation":[3,15.75,0]},"fixed":{"rotation":[0,0,-45],"translation":[2.25,2,0],"scale":[0.58,0.57,0.58]}}}