{"credit":"Made with Blockbench","texture_size":[64,64],"textures":{"1":"items:tools_weapons/bob/shieldrl","particle":"items:tools_weapons/bob/shieldrl"},"elements":[{"from":[13,-5,6.5],"to":[16,16,9.5],"rotation":{"angle":0,"axis":"y","origin":[7,0,6.5]},"faces":{"north":{"uv":[5,0,5.75,5.25],"texture":"#1"},"east":{"uv":[5,5.25,5.75,10.5],"texture":"#1"},"south":{"uv":[0,5.75,0.75,11],"texture":"#1"},"west":{"uv":[5.75,0,6.5,5.25],"texture":"#1"},"up":{"uv":[9.5,5.25,8.75,4.5],"texture":"#1"},"down":{"uv":[10.25,4.5,9.5,5.25],"texture":"#1"}}},{"from":[3,-6,7],"to":[13,17,9],"rotation":{"angle":0,"axis":"y","origin":[7,0,7]},"faces":{"north":{"uv":[0,0,2.5,5.75],"texture":"#1"},"east":{"uv":[3.75,5.75,4.25,11.5],"texture":"#1"},"south":{"uv":[2.5,0,5,5.75],"texture":"#1"},"west":{"uv":[4.25,5.75,4.75,11.5],"texture":"#1"},"up":{"uv":[10.5,8.75,8,8.25],"texture":"#1"},"down":{"uv":[11.25,0,8.75,0.5],"texture":"#1"}}},{"from":[5,5,9],"to":[6,7,11],"rotation":{"angle":0,"axis":"y","origin":[7,0,7]},"faces":{"north":{"uv":[4.75,5.75,5,6.25],"texture":"#1"},"east":{"uv":[7.25,10,7.75,10.5],"texture":"#1"},"south":{"uv":[4.75,6.25,5,6.75],"texture":"#1"},"west":{"uv":[10.25,7.75,10.75,8.25],"texture":"#1"},"up":{"uv":[5,7.25,4.75,6.75],"texture":"#1"},"down":{"uv":[5,7.25,4.75,7.75],"texture":"#1"}}},{"from":[6,5,10],"to":[10,7,11],"rotation":{"angle":0,"axis":"y","origin":[7,0,7]},"faces":{"north":{"uv":[10.25,6.75,11.25,7.25],"texture":"#1"},"east":{"uv":[4.75,9.25,5,9.75],"texture":"#1"},"south":{"uv":[10.25,7.25,11.25,7.75],"texture":"#1"},"west":{"uv":[4.75,9.75,5,10.25],"texture":"#1"},"up":{"uv":[8.25,10.75,7.25,10.5],"texture":"#1"},"down":{"uv":[9.25,10.5,8.25,10.75],"texture":"#1"}}},{"from":[3.85585,13.68508,6.425],"to":[12.55585,16.68508,9.525],"rotation":{"angle":-22.5,"axis":"z","origin":[12.55585,7.68508,6.5]},"faces":{"north":{"uv":[5.75,5.25,8,6],"texture":"#1"},"east":{"uv":[7.75,9.75,8.5,10.5],"texture":"#1"},"south":{"uv":[5.75,6,8,6.75],"texture":"#1"},"west":{"uv":[8.5,9.75,9.25,10.5],"texture":"#1"},"up":{"uv":[8.75,0.75,6.5,0],"texture":"#1"},"down":{"uv":[8.75,0.75,6.5,1.5],"texture":"#1"}}},{"from":[3.44415,-5.68508,6.45],"to":[12.14415,-2.68508,9.55],"rotation":{"angle":-22.5,"axis":"z","origin":[3.44415,3.31492,6.5]},"faces":{"north":{"uv":[6.5,1.5,8.75,2.25],"texture":"#1"},"east":{"uv":[9.25,9.75,10,10.5],"texture":"#1"},"south":{"uv":[6.5,2.25,8.75,3],"texture":"#1"},"west":{"uv":[5.75,10,6.5,10.75],"texture":"#1"},"up":{"uv":[8.75,3.75,6.5,3],"texture":"#1"},"down":{"uv":[8.75,3.75,6.5,4.5],"texture":"#1"}}},{"from":[7.0674,-6.45357,6.475],"to":[15.6924,-3.45357,9.525],"rotation":{"angle":22.5,"axis":"z","origin":[12.1924,-4.95357,7.5]},"faces":{"north":{"uv":[6.5,4.5,8.75,5.25],"texture":"#1"},"east":{"uv":[6.5,10,7.25,10.75],"texture":"#1"},"south":{"uv":[5.75,6.75,8,7.5],"texture":"#1"},"west":{"uv":[10,8.75,10.75,9.5],"texture":"#1"},"up":{"uv":[8,8.25,5.75,7.5],"texture":"#1"},"down":{"uv":[10.25,5.25,8,6],"texture":"#1"}}},{"from":[3.44415,13.68508,6.4],"to":[12.14415,16.68508,9.55],"rotation":{"angle":22.5,"axis":"z","origin":[3.44415,7.68508,6.5]},"faces":{"north":{"uv":[8,6,10.25,6.75],"texture":"#1"},"east":{"uv":[10,9.5,10.75,10.25],"texture":"#1"},"south":{"uv":[8,6.75,10.25,7.5],"texture":"#1"},"west":{"uv":[10.25,4.5,11,5.25],"texture":"#1"},"up":{"uv":[10.25,8.25,8,7.5],"texture":"#1"},"down":{"uv":[8,8.25,5.75,9],"texture":"#1"}}},{"from":[0,-5,6.5],"to":[3,16,9.5],"rotation":{"angle":0,"axis":"y","origin":[9,0,6.5]},"faces":{"north":{"uv":[0.75,5.75,1.5,11],"texture":"#1"},"east":{"uv":[1.5,5.75,2.25,11],"texture":"#1"},"south":{"uv":[2.25,5.75,3,11],"texture":"#1"},"west":{"uv":[3,5.75,3.75,11],"texture":"#1"},"up":{"uv":[11,6,10.25,5.25],"texture":"#1"},"down":{"uv":[11,6,10.25,6.75],"texture":"#1"}}},{"from":[10,5,9],"to":[11,7,11],"rotation":{"angle":0,"axis":"y","origin":[9,0,7]},"faces":{"north":{"uv":[4.75,7.75,5,8.25],"texture":"#1"},"east":{"uv":[10,10.25,10.5,10.75],"texture":"#1"},"south":{"uv":[4.75,8.25,5,8.75],"texture":"#1"},"west":{"uv":[4.75,10.5,5.25,11],"texture":"#1"},"up":{"uv":[5,9.25,4.75,8.75],"texture":"#1"},"down":{"uv":[8,9,7.75,9.5],"texture":"#1"}}},{"from":[6,-8.75,6],"to":[10,-4.75,10],"rotation":{"angle":0,"axis":"y","origin":[7,0,7]},"faces":{"north":{"uv":[8.75,0.5,9.75,1.5],"texture":"#1"},"east":{"uv":[8.75,1.5,9.75,2.5],"texture":"#1"},"south":{"uv":[8.75,2.5,9.75,3.5],"texture":"#1"},"west":{"uv":[8.75,3.5,9.75,4.5],"texture":"#1"},"up":{"uv":[9,9.75,8,8.75],"texture":"#1"},"down":{"uv":[6.75,9,5.75,10],"texture":"#1"}}},{"from":[6,15.375,6],"to":[10,19.375,10],"rotation":{"angle":0,"axis":"y","origin":[7,0,7]},"faces":{"north":{"uv":[6.75,9,7.75,10],"texture":"#1"},"east":{"uv":[9,8.75,10,9.75],"texture":"#1"},"south":{"uv":[9.75,0.5,10.75,1.5],"texture":"#1"},"west":{"uv":[9.75,1.5,10.75,2.5],"texture":"#1"},"up":{"uv":[10.75,3.5,9.75,2.5],"texture":"#1"},"down":{"uv":[10.75,3.5,9.75,4.5],"texture":"#1"}}}],"gui_light":"front","display":{"thirdperson_righthand":{"scale":[0.7,0.7,0.7]},"thirdperson_lefthand":{"scale":[0.7,0.7,0.7]},"firstperson_righthand":{"scale":[0.57,0.57,0.57]},"firstperson_lefthand":{"scale":[0.57,0.57,0.57]},"ground":{"rotation":[97,0,0],"scale":[0.5,0.49,0.5]},"gui":{"translation":[0,1.75,0],"scale":[0.56,0.56,0.56]},"head":{"rotation":[119.25,0,0],"translation":[0,5.5,0]},"fixed":{"translation":[0,1.75,0],"scale":[0.85,0.86,0.86]}}}