{"credit":"Made with Blockbench","texture_size":[64,64],"textures":{"1":"items:tools_weapons/bob/shovelrl","particle":"items:tools_weapons/bob/shovelrl"},"elements":[{"from":[6.55818,5.38536,7.07837],"to":[13.55818,7.38536,9.07837],"rotation":{"angle":-45,"axis":"z","origin":[8.53721,5.66607,7.95337]},"faces":{"north":{"uv":[6.5,2,8.25,2.5],"texture":"#1"},"east":{"uv":[7.5,6.5,8,7],"texture":"#1"},"south":{"uv":[6.5,2.5,8.25,3],"texture":"#1"},"west":{"uv":[7.25,7.5,7.75,8],"texture":"#1"},"up":{"uv":[8.25,3.5,6.5,3],"texture":"#1"},"down":{"uv":[8.5,3.5,6.75,4],"texture":"#1"}}},{"from":[11.55818,3.38536,7.07837],"to":[13.55818,5.38536,9.07837],"rotation":{"angle":-45,"axis":"z","origin":[8.53721,5.66607,7.95337]},"faces":{"north":{"uv":[0,7.75,0.5,8.25],"texture":"#1"},"east":{"uv":[0.5,7.75,1,8.25],"texture":"#1"},"south":{"uv":[3.5,7.75,4,8.25],"texture":"#1"},"west":{"uv":[4,7.75,4.5,8.25],"texture":"#1"},"up":{"uv":[5,8.25,4.5,7.75],"texture":"#1"},"down":{"uv":[5.5,7.75,5,8.25],"texture":"#1"}}},{"from":[6.55818,2.38536,7.07837],"to":[8.55818,5.38536,9.07837],"rotation":{"angle":-45,"axis":"z","origin":[8.53721,5.66607,7.95337]},"faces":{"north":{"uv":[7.5,4.25,8,5],"texture":"#1"},"east":{"uv":[7.5,5,8,5.75],"texture":"#1"},"south":{"uv":[7.5,5.75,8,6.5],"texture":"#1"},"west":{"uv":[6.75,7.5,7.25,8.25],"texture":"#1"},"up":{"uv":[8.25,7.5,7.75,7],"texture":"#1"},"down":{"uv":[8.25,7.5,7.75,8],"texture":"#1"}}},{"from":[6.55818,0.38536,7.07837],"to":[10.55818,2.38536,9.07837],"rotation":{"angle":-45,"axis":"z","origin":[8.53721,5.66607,7.95337]},"faces":{"north":{"uv":[3.5,7,4.5,7.5],"texture":"#1"},"east":{"uv":[1.25,8,1.75,8.5],"texture":"#1"},"south":{"uv":[4.5,7,5.5,7.5],"texture":"#1"},"west":{"uv":[1.75,8,2.25,8.5],"texture":"#1"},"up":{"uv":[7.75,7.5,6.75,7],"texture":"#1"},"down":{"uv":[1,7.25,0,7.75],"texture":"#1"}}},{"from":[4.35355,-1.78989,7.07837],"to":[12.35355,0.21011,9.07837],"rotation":{"angle":0,"axis":"y","origin":[8.53721,5.66607,7.95337]},"faces":{"north":{"uv":[6.5,0,8.5,0.5],"texture":"#1"},"east":{"uv":[8.5,0,9,0.5],"texture":"#1"},"south":{"uv":[6.5,0.5,8.5,1],"texture":"#1"},"west":{"uv":[8.5,0.5,9,1],"texture":"#1"},"up":{"uv":[8.5,1.5,6.5,1],"texture":"#1"},"down":{"uv":[8.5,1.5,6.5,2],"texture":"#1"}}},{"from":[7.35355,-11.78989,7.07837],"to":[9.35355,-1.78989,9.07837],"rotation":{"angle":45,"axis":"y","origin":[8.53721,5.66607,7.95337]},"faces":{"north":{"uv":[1.5,5.5,2,8],"texture":"#1"},"east":{"uv":[2,5.5,2.5,8],"texture":"#1"},"south":{"uv":[2.5,5.5,3,8],"texture":"#1"},"west":{"uv":[3,5.5,3.5,8],"texture":"#1"},"up":{"uv":[2.75,8.5,2.25,8],"texture":"#1"},"down":{"uv":[3.25,8,2.75,8.5],"texture":"#1"}}},{"from":[7.20355,6.21011,7.10337],"to":[9.20355,16.21011,9.05337],"rotation":{"angle":45,"axis":"y","origin":[8.38721,5.66607,7.95337]},"faces":{"north":{"uv":[5.75,3.5,6.25,6],"texture":"#1"},"east":{"uv":[5.75,6,6.25,8.5],"texture":"#1"},"south":{"uv":[6.25,3.5,6.75,6],"texture":"#1"},"west":{"uv":[6.25,6,6.75,8.5],"texture":"#1"},"up":{"uv":[9,1.5,8.5,1],"texture":"#1"},"down":{"uv":[1.75,8.5,1.25,9],"texture":"#1"}}},{"from":[4.70355,16.21011,7.57837],"to":[11.70355,24.21011,8.57837],"rotation":{"angle":0,"axis":"y","origin":[8.38721,5.66607,7.95337]},"faces":{"north":{"uv":[0,3.5,1.75,5.5],"texture":"#1"},"east":{"uv":[5.5,7,5.75,9],"texture":"#1"},"south":{"uv":[1.75,3.5,3.5,5.5],"texture":"#1"},"west":{"uv":[1,7.25,1.25,9.25],"texture":"#1"},"up":{"uv":[5.25,7.75,3.5,7.5],"texture":"#1"},"down":{"uv":[9.25,4,7.5,4.25],"texture":"#1"}}},{"from":[1.70355,15.21011,8.07837],"to":[14.70355,29,8.07837],"rotation":{"angle":0,"axis":"y","origin":[8.38721,5.66607,7.95337]},"faces":{"north":{"uv":[0,0,3.25,3.475],"texture":"#1"},"east":{"uv":[0,0,0,3.5],"texture":"#1"},"south":{"uv":[3.25,0,0,3.475],"texture":"#1"},"west":{"uv":[0,0,0,3.5],"texture":"#1"},"up":{"uv":[3.25,0,0,0],"texture":"#1"},"down":{"uv":[3.25,0,0,0],"texture":"#1"}}},{"from":[20.70768,-9.76413,7.57837],"to":[22.70768,-8.76413,8.57837],"rotation":{"angle":-45,"axis":"z","origin":[8.53721,5.66607,7.95337]},"faces":{"north":{"uv":[8.5,1.5,9,1.75],"texture":"#1"},"east":{"uv":[1.25,7.25,1.5,7.5],"texture":"#1"},"south":{"uv":[1.75,8.5,2.25,8.75],"texture":"#1"},"west":{"uv":[1.25,7.5,1.5,7.75],"texture":"#1"},"up":{"uv":[9,2,8.5,1.75],"texture":"#1"},"down":{"uv":[2.75,8.5,2.25,8.75],"texture":"#1"}}},{"from":[19.70768,-9.76413,7.57837],"to":[20.70768,-5.76413,8.57837],"rotation":{"angle":-45,"axis":"z","origin":[8.53721,5.66607,7.95337]},"faces":{"north":{"uv":[3.25,8,3.5,9],"texture":"#1"},"east":{"uv":[8,4.25,8.25,5.25],"texture":"#1"},"south":{"uv":[8,5.25,8.25,6.25],"texture":"#1"},"west":{"uv":[7.25,8,7.5,9],"texture":"#1"},"up":{"uv":[5.5,7.75,5.25,7.5],"texture":"#1"},"down":{"uv":[1.5,7.75,1.25,8],"texture":"#1"}}},{"from":[22.70768,-9.76413,7.57837],"to":[23.70768,-5.76413,8.57837],"rotation":{"angle":-45,"axis":"z","origin":[8.53721,5.66607,7.95337]},"faces":{"north":{"uv":[7.5,8,7.75,9],"texture":"#1"},"east":{"uv":[7.75,8,8,9],"texture":"#1"},"south":{"uv":[8,8,8.25,9],"texture":"#1"},"west":{"uv":[0,8.25,0.25,9.25],"texture":"#1"},"up":{"uv":[8.25,7,8,6.75],"texture":"#1"},"down":{"uv":[1,8.25,0.75,8.5],"texture":"#1"}}},{"from":[20.70768,-6.76413,7.57837],"to":[22.70768,-5.76413,8.57837],"rotation":{"angle":-45,"axis":"z","origin":[8.53721,5.66607,7.95337]},"faces":{"north":{"uv":[2.75,8.5,3.25,8.75],"texture":"#1"},"east":{"uv":[0.75,8.5,1,8.75],"texture":"#1"},"south":{"uv":[8.5,3.5,9,3.75],"texture":"#1"},"west":{"uv":[6.25,8.5,6.5,8.75],"texture":"#1"},"up":{"uv":[9,4,8.5,3.75],"texture":"#1"},"down":{"uv":[6.25,8.5,5.75,8.75],"texture":"#1"}}},{"from":[5.64645,-0.08278,7.10337],"to":[7.64645,1.91722,9.05337],"rotation":{"angle":0,"axis":"y","origin":[8.53721,5.66607,7.95337]},"faces":{"north":{"uv":[8,6.25,8.5,6.75],"texture":"#1"},"east":{"uv":[0.25,8.25,0.75,8.75],"texture":"#1"},"south":{"uv":[8.25,2,8.75,2.5],"texture":"#1"},"west":{"uv":[8.25,2.5,8.75,3],"texture":"#1"},"up":{"uv":[8.75,3.5,8.25,3],"texture":"#1"},"down":{"uv":[4,8.25,3.5,8.75],"texture":"#1"}}},{"from":[9.06066,-0.08278,7.10337],"to":[11.06066,1.91722,9.05337],"rotation":{"angle":0,"axis":"y","origin":[8.53721,5.66607,7.95337]},"faces":{"north":{"uv":[4,8.25,4.5,8.75],"texture":"#1"},"east":{"uv":[8.25,4.25,8.75,4.75],"texture":"#1"},"south":{"uv":[4.5,8.25,5,8.75],"texture":"#1"},"west":{"uv":[8.25,4.75,8.75,5.25],"texture":"#1"},"up":{"uv":[5.5,8.75,5,8.25],"texture":"#1"},"down":{"uv":[8.75,5.25,8.25,5.75],"texture":"#1"}}},{"from":[6.85355,-9.78989,6.57837],"to":[9.85355,-2.78989,9.57837],"rotation":{"angle":45,"axis":"y","origin":[8.53721,5.66607,7.95337]},"faces":{"north":{"uv":[3.5,3.5,4.25,5.25],"texture":"#1"},"east":{"uv":[4.25,3.5,5,5.25],"texture":"#1"},"south":{"uv":[5,3.5,5.75,5.25],"texture":"#1"},"west":{"uv":[3.5,5.25,4.25,7],"texture":"#1"},"up":{"uv":[7.5,4.75,6.75,4],"texture":"#1"},"down":{"uv":[7.5,4.75,6.75,5.5],"texture":"#1"}}},{"from":[6.70355,8.21011,6.57837],"to":[9.70355,15.21011,9.57837],"rotation":{"angle":45,"axis":"y","origin":[8.38721,5.66607,7.95337]},"faces":{"north":{"uv":[4.25,5.25,5,7],"texture":"#1"},"east":{"uv":[5,5.25,5.75,7],"texture":"#1"},"south":{"uv":[0,5.5,0.75,7.25],"texture":"#1"},"west":{"uv":[0.75,5.5,1.5,7.25],"texture":"#1"},"up":{"uv":[7.5,6.25,6.75,5.5],"texture":"#1"},"down":{"uv":[7.5,6.25,6.75,7],"texture":"#1"}}},{"from":[9.54397,3.39958,7.57837],"to":[10.54397,4.39958,8.57837],"rotation":{"angle":-45,"axis":"z","origin":[8.53721,5.66607,7.95337]},"faces":{"north":{"uv":[8.5,6.25,8.75,6.5],"texture":"#1"},"east":{"uv":[6.5,8.5,6.75,8.75],"texture":"#1"},"south":{"uv":[8.5,6.5,8.75,6.75],"texture":"#1"},"west":{"uv":[0.25,8.75,0.5,9],"texture":"#1"},"up":{"uv":[0.75,9,0.5,8.75],"texture":"#1"},"down":{"uv":[1,8.75,0.75,9],"texture":"#1"}}},{"from":[11.04397,4.89958,8.82837],"to":[9.04397,2.89958,6.82837],"rotation":{"angle":-45,"axis":"z","origin":[8.53721,5.66607,7.95337]},"faces":{"north":{"uv":[8.25,5.75,8.75,6.25],"texture":"#1"},"east":{"uv":[6.75,8.25,7.25,8.75],"texture":"#1"},"south":{"uv":[8.25,6.75,8.75,7.25],"texture":"#1"},"west":{"uv":[8.25,7.25,8.75,7.75],"texture":"#1"},"up":{"uv":[8.75,8.25,8.25,7.75],"texture":"#1"},"down":{"uv":[8.75,8.25,8.25,8.75],"texture":"#1"}}}],"gui_light":"front","display":{"thirdperson_righthand":{"rotation":[0,-87,0],"translation":[0.25,5.75,1.5],"scale":[0.55,0.54297,0.54]},"thirdperson_lefthand":{"rotation":[0,-87,0],"translation":[0.25,5.75,1.5],"scale":[0.55,0.54297,0.54]},"firstperson_righthand":{"rotation":[0,-87,0],"translation":[0.25,5.75,1.5],"scale":[0.37,0.37,0.37]},"firstperson_lefthand":{"rotation":[0,-87,0],"translation":[0.25,5.75,1.5],"scale":[0.37,0.37,0.37]},"ground":{"rotation":[-59.47,-16.06,27.78],"translation":[0.25,-0.25,-0.75],"scale":[0.46,0.45,0.44]},"gui":{"rotation":[0,0,-45],"translation":[0.25,0.75,0],"scale":[0.49,0.49,0.49]},"head":{"translation":[0.5,0,0.5]},"fixed":{"rotation":[0,0,43],"translation":[-1.25,1.25,-1.25],"scale":[0.53,0.54,0.55]}}}