{"credit":"Made with Blockbench","texture_size":[64,64],"textures":{"6":"items:tools_weapons/bob/swordrl"},"elements":[{"from":[5,5,7.625],"to":[11,24,8.625],"rotation":{"angle":0,"axis":"y","origin":[8,6.29289,8.125]},"faces":{"north":{"uv":[0,0,1.5,4.75],"texture":"#6"},"east":{"uv":[4,5,4.25,9.75],"texture":"#6"},"south":{"uv":[1.5,0,0,4.75],"texture":"#6"},"west":{"uv":[4.25,5,4.5,9.75],"texture":"#6"},"up":{"uv":[7.5,5,6,4.75],"texture":"#6"},"down":{"uv":[8,5,6.5,5.25],"texture":"#6"}}},{"from":[4,21,8.125],"to":[12,31,8.125],"rotation":{"angle":0,"axis":"y","origin":[8,6.29289,8.125]},"faces":{"north":{"uv":[3,0,5,2.5],"texture":"#6"},"east":{"uv":[0,0,0,2.5],"texture":"#6"},"south":{"uv":[5,0,3,2.5],"texture":"#6"},"west":{"uv":[0,0,0,2.5],"texture":"#6"},"up":{"uv":[2,0,0,0],"texture":"#6"},"down":{"uv":[2,0,0,0],"texture":"#6"}}},{"from":[7.44975,5.84315,7.125],"to":[14.44975,7.84315,9.125],"rotation":{"angle":-45,"axis":"z","origin":[8,7.29289,8.125]},"faces":{"north":{"uv":[5.5,1.5,6,3.25],"rotation":90,"texture":"#6"},"east":{"uv":[7.25,6.75,6.75,7.25],"rotation":270,"texture":"#6"},"south":{"uv":[4.5,5.5,5,7.25],"rotation":270,"texture":"#6"},"west":{"uv":[7.25,6.75,6.75,6.25],"rotation":270,"texture":"#6"},"up":{"uv":[5.5,3.25,6,5],"rotation":270,"texture":"#6"},"down":{"uv":[5,5.5,5.5,7.25],"rotation":270,"texture":"#6"}}},{"from":[12.44975,3.84315,7.125],"to":[14.44975,5.84315,9.125],"rotation":{"angle":-45,"axis":"z","origin":[8,7.29289,8.125]},"faces":{"north":{"uv":[0,7,0.5,7.5],"rotation":90,"texture":"#6"},"east":{"uv":[3,7,2.5,7.5],"rotation":270,"texture":"#6"},"south":{"uv":[1,7,1.5,7.5],"rotation":270,"texture":"#6"},"west":{"uv":[2.5,7.5,2,7],"rotation":270,"texture":"#6"},"up":{"uv":[0.5,7,1,7.5],"rotation":270,"texture":"#6"},"down":{"uv":[1.5,7,2,7.5],"rotation":270,"texture":"#6"}}},{"from":[7.44975,2.84315,7.125],"to":[9.44975,5.84315,9.125],"rotation":{"angle":-45,"axis":"z","origin":[8,7.29289,8.125]},"faces":{"north":{"uv":[6,6.5,6.75,7],"rotation":90,"texture":"#6"},"east":{"uv":[7.5,5.75,6.75,6.25],"rotation":270,"texture":"#6"},"south":{"uv":[6.75,1.5,7.5,2],"rotation":270,"texture":"#6"},"west":{"uv":[7.5,5.75,6.75,5.25],"rotation":270,"texture":"#6"},"up":{"uv":[7,4.25,7.5,4.75],"rotation":270,"texture":"#6"},"down":{"uv":[6,7,6.5,7.5],"rotation":270,"texture":"#6"}}},{"from":[7.44975,0.84315,7.125],"to":[11.44975,2.84315,9.125],"rotation":{"angle":-45,"axis":"z","origin":[8,7.29289,8.125]},"faces":{"north":{"uv":[6,2.25,6.5,3.25],"rotation":90,"texture":"#6"},"east":{"uv":[5.5,7.25,5,7.75],"rotation":270,"texture":"#6"},"south":{"uv":[5.5,6.25,6,7.25],"rotation":270,"texture":"#6"},"west":{"uv":[5,7.75,4.5,7.25],"rotation":270,"texture":"#6"},"up":{"uv":[6,3.25,6.5,4.25],"rotation":270,"texture":"#6"},"down":{"uv":[6.25,5.5,6.75,6.5],"rotation":270,"texture":"#6"}}},{"from":[4,-2,7.125],"to":[12,0,9.125],"rotation":{"angle":0,"axis":"y","origin":[8,7.29289,8.125]},"faces":{"north":{"uv":[4.5,5,6.5,5.5],"texture":"#6"},"east":{"uv":[5.5,7.25,6,7.75],"texture":"#6"},"south":{"uv":[5.5,0,7.5,0.5],"texture":"#6"},"west":{"uv":[7.25,6.25,7.75,6.75],"texture":"#6"},"up":{"uv":[7.5,1,5.5,0.5],"texture":"#6"},"down":{"uv":[7.5,1,5.5,1.5],"texture":"#6"}}},{"from":[8.13928,-2.82335,7.15],"to":[12.13928,-0.82335,9.1],"rotation":{"angle":22.5,"axis":"z","origin":[8,7.29289,8.125]},"faces":{"north":{"uv":[6,4.25,7,4.75],"texture":"#6"},"east":{"uv":[6.5,7.25,7,7.75],"texture":"#6"},"south":{"uv":[0,6.5,1,7],"texture":"#6"},"west":{"uv":[7.25,6.75,7.75,7.25],"texture":"#6"},"up":{"uv":[2,7,1,6.5],"texture":"#6"},"down":{"uv":[3,6.5,2,7],"texture":"#6"}}},{"from":[3.86072,-2.82335,7.15],"to":[7.86072,-0.82335,9.1],"rotation":{"angle":-22.5,"axis":"z","origin":[8,7.29289,8.125]},"faces":{"north":{"uv":[6.5,2.25,7.5,2.75],"texture":"#6"},"east":{"uv":[7,7.25,7.5,7.75],"texture":"#6"},"south":{"uv":[6.5,2.75,7.5,3.25],"texture":"#6"},"west":{"uv":[0,7.5,0.5,8],"texture":"#6"},"up":{"uv":[7.5,3.75,6.5,3.25],"texture":"#6"},"down":{"uv":[7.5,3.75,6.5,4.25],"texture":"#6"}}},{"from":[7,-12,7.125],"to":[9,-2,9.125],"rotation":{"angle":0,"axis":"y","origin":[8,7.29289,8.125]},"faces":{"north":{"uv":[5,0,5.5,2.5],"texture":"#6"},"east":{"uv":[5,2.5,5.5,5],"texture":"#6"},"south":{"uv":[3,5,3.5,7.5],"texture":"#6"},"west":{"uv":[3.5,5,4,7.5],"texture":"#6"},"up":{"uv":[8,0.5,7.5,0],"texture":"#6"},"down":{"uv":[1,7.5,0.5,8],"texture":"#6"}}},{"from":[21.59924,-9.30635,7.625],"to":[23.59924,-8.30635,8.625],"rotation":{"angle":-45,"axis":"z","origin":[8,7.29289,8.125]},"faces":{"north":{"uv":[6.75,2,7.25,2.25],"texture":"#6"},"east":{"uv":[6,6.25,6.25,6.5],"texture":"#6"},"south":{"uv":[5.5,7.75,6,8],"texture":"#6"},"west":{"uv":[6.5,5.25,6.75,5.5],"texture":"#6"},"up":{"uv":[8.25,6.5,7.75,6.25],"texture":"#6"},"down":{"uv":[7,7.75,6.5,8],"texture":"#6"}}},{"from":[20.59924,-9.30635,7.625],"to":[21.59924,-5.30635,8.625],"rotation":{"angle":-45,"axis":"z","origin":[8,7.29289,8.125]},"faces":{"north":{"uv":[7.5,0.5,7.75,1.5],"texture":"#6"},"east":{"uv":[1,7.5,1.25,8.5],"texture":"#6"},"south":{"uv":[1.25,7.5,1.5,8.5],"texture":"#6"},"west":{"uv":[1.5,7.5,1.75,8.5],"texture":"#6"},"up":{"uv":[6.75,7.25,6.5,7],"texture":"#6"},"down":{"uv":[7.5,2,7.25,2.25],"texture":"#6"}}},{"from":[23.59924,-9.30635,7.625],"to":[24.59924,-5.30635,8.625],"rotation":{"angle":-45,"axis":"z","origin":[8,7.29289,8.125]},"faces":{"north":{"uv":[7.5,1.5,7.75,2.5],"texture":"#6"},"east":{"uv":[1.75,7.5,2,8.5],"texture":"#6"},"south":{"uv":[2,7.5,2.25,8.5],"texture":"#6"},"west":{"uv":[2.25,7.5,2.5,8.5],"texture":"#6"},"up":{"uv":[7.75,8,7.5,7.75],"texture":"#6"},"down":{"uv":[8,7.75,7.75,8],"texture":"#6"}}},{"from":[21.59924,-6.30635,7.625],"to":[23.59924,-5.30635,8.625],"rotation":{"angle":-45,"axis":"z","origin":[8,7.29289,8.125]},"faces":{"north":{"uv":[7.75,6.5,8.25,6.75],"texture":"#6"},"east":{"uv":[0,8,0.25,8.25],"texture":"#6"},"south":{"uv":[7.75,6.75,8.25,7],"texture":"#6"},"west":{"uv":[8,0,8.25,0.25],"texture":"#6"},"up":{"uv":[7.5,8,7,7.75],"texture":"#6"},"down":{"uv":[8.25,7,7.75,7.25],"texture":"#6"}}},{"from":[5.29289,-0.29289,7.15],"to":[7.29289,1.70711,9.1],"rotation":{"angle":0,"axis":"y","origin":[8,7.29289,8.125]},"faces":{"north":{"uv":[2.5,7.5,3,8],"texture":"#6"},"east":{"uv":[7.5,2.5,8,3],"texture":"#6"},"south":{"uv":[3,7.5,3.5,8],"texture":"#6"},"west":{"uv":[7.5,3,8,3.5],"texture":"#6"},"up":{"uv":[4,8,3.5,7.5],"texture":"#6"},"down":{"uv":[8,3.5,7.5,4],"texture":"#6"}}},{"from":[8.70711,-0.29289,7.15],"to":[10.70711,1.70711,9.1],"rotation":{"angle":0,"axis":"y","origin":[8,7.29289,8.125]},"faces":{"north":{"uv":[7.5,4,8,4.5],"texture":"#6"},"east":{"uv":[7.5,4.5,8,5],"texture":"#6"},"south":{"uv":[7.5,5.25,8,5.75],"texture":"#6"},"west":{"uv":[7.5,5.75,8,6.25],"texture":"#6"},"up":{"uv":[6.5,8,6,7.5],"texture":"#6"},"down":{"uv":[8,7.25,7.5,7.75],"texture":"#6"}}},{"from":[6.5,-10,6.625],"to":[9.5,-3,9.625],"rotation":{"angle":0,"axis":"y","origin":[8,7.29289,8.125]},"faces":{"north":{"uv":[0,4.75,0.75,6.5],"texture":"#6"},"east":{"uv":[0.75,4.75,1.5,6.5],"texture":"#6"},"south":{"uv":[1.5,4.75,2.25,6.5],"texture":"#6"},"west":{"uv":[2.25,4.75,3,6.5],"texture":"#6"},"up":{"uv":[6.25,6.25,5.5,5.5],"texture":"#6"},"down":{"uv":[6.75,1.5,6,2.25],"texture":"#6"}}},{"from":[10.43553,3.85736,7.625],"to":[11.43553,4.85736,8.625],"rotation":{"angle":-45,"axis":"z","origin":[8,7.29289,8.125]},"faces":{"north":{"uv":[0.25,8,0.5,8.25],"rotation":90,"texture":"#6"},"east":{"uv":[8.25,2.5,8,2.75],"rotation":270,"texture":"#6"},"south":{"uv":[0.5,8,0.75,8.25],"rotation":270,"texture":"#6"},"west":{"uv":[2.75,8.25,2.5,8],"rotation":270,"texture":"#6"},"up":{"uv":[8,0.25,8.25,0.5],"rotation":270,"texture":"#6"},"down":{"uv":[0.75,8,1,8.25],"rotation":270,"texture":"#6"}}},{"from":[11.93553,5.35736,8.875],"to":[9.93553,3.35736,6.875],"rotation":{"angle":-45,"axis":"z","origin":[8,7.29289,8.125]},"faces":{"north":{"uv":[7.75,0.5,8.25,1],"rotation":90,"texture":"#6"},"east":{"uv":[5.5,7.75,5,8.25],"rotation":270,"texture":"#6"},"south":{"uv":[7.75,1.5,8.25,2],"rotation":270,"texture":"#6"},"west":{"uv":[5,8.25,4.5,7.75],"rotation":270,"texture":"#6"},"up":{"uv":[7.75,1,8.25,1.5],"rotation":270,"texture":"#6"},"down":{"uv":[7.75,2,8.25,2.5],"rotation":270,"texture":"#6"}}}],"gui_light":"front","display":{"thirdperson_righthand":{"rotation":[0,-87,0],"translation":[0.25,5.75,1.75],"scale":[0.55,0.54297,0.54]},"thirdperson_lefthand":{"rotation":[0,-87,0],"translation":[0.25,5.75,1.75],"scale":[0.55,0.54297,0.54]},"firstperson_righthand":{"rotation":[0,-87,0],"translation":[0.25,5.75,1.75],"scale":[0.37,0.37,0.37]},"firstperson_lefthand":{"rotation":[0,-87,0],"translation":[0.25,5.75,1.75],"scale":[0.37,0.37,0.37]},"ground":{"rotation":[-59.47,-16.06,27.78],"translation":[0.25,5.25,5.75],"scale":[0.46,0.45,0.44]},"gui":{"rotation":[0,0,-45],"translation":[0.25,0.5,-2.75],"scale":[0.48,0.49,0.49]},"fixed":{"rotation":[0,0,43],"translation":[-0.25,0.5,-2.75],"scale":[0.48,0.49,0.49]}}}